,CustomerID,OrderID_left,CustomerID_left,OrderDate_left,TotalAmount_left,OrderStatus_left,PaymentMethod_left,ShippingAddressID_left,OrderID_right,CustomerID_right,OrderDate_right,TotalAmount_right,OrderStatus_right,PaymentMethod_right,ShippingAddressID_right
25,346,26,346,2024-06-12 17:41:33.681345,148.24,Pending,PayPal,5663,347,401,2024-05-30 17:41:33.683322,1333.42,Shipped,Bank Transfer,4120
114,275,115,275,2024-08-05 17:41:33.681879,292.4,Pending,PayPal,7652,276,3689,2024-09-30 17:41:33.682862,1507.63,Shipped,PayPal,8255
118,6038,119,6038,2025-02-23 17:41:33.681901,193.43,Pending,PayPal,1451,6039,5364,2024-05-05 17:41:33.719383,1110.21,Shipped,Bank Transfer,8705
158,8872,159,8872,2024-07-22 17:41:33.682170,1760.66,Pending,PayPal,1933,8873,1441,2024-05-25 17:41:33.737210,1436.36,Shipped,Credit Card,9789
172,8071,173,8071,2024-06-20 17:41:33.682246,860.99,Pending,Credit Card,9522,8072,4603,2024-07-04 17:41:33.732131,1713.31,Shipped,Bank Transfer,7393
179,154,180,154,2024-03-16 17:41:33.682284,313.41,Pending,PayPal,7513,155,4026,2024-09-25 17:41:33.682148,363.91,Shipped,Credit Card,9411
194,1015,195,1015,2024-06-26 17:41:33.682383,1865.37,Pending,Bank Transfer,9024,1016,7996,2024-12-21 17:41:33.687385,825.93,Shipped,Credit Card,7710
206,9968,207,9968,2024-05-10 17:41:33.682450,784.2,Pending,Credit Card,2170,9969,9848,2025-01-22 17:41:33.743705,1142.72,Shipped,Credit Card,6869
216,1098,217,1098,2024-05-02 17:41:33.682504,582.77,Pending,PayPal,6463,1099,3017,2024-09-25 17:41:33.687901,1432.22,Shipped,PayPal,9130
235,5373,236,5373,2024-07-10 17:41:33.682624,157.28,Pending,Bank Transfer,9654,5374,9843,2024-12-16 17:41:33.715044,83.41,Shipped,Bank Transfer,6752
236,7612,237,7612,2024-04-16 17:41:33.682629,159.91,Pending,PayPal,8018,7613,9673,2025-01-04 17:41:33.729303,1590.37,Shipped,Credit Card,74
242,5894,243,5894,2024-06-02 17:41:33.682662,1178.3,Pending,Credit Card,4236,5895,7037,2024-07-20 17:41:33.718433,615.84,Shipped,PayPal,9299
258,3105,259,3105,2024-10-19 17:41:33.682750,572.78,Pending,PayPal,322,3106,7589,2024-05-21 17:41:33.700340,513.19,Shipped,Bank Transfer,464
260,9841,261,9841,2025-01-13 17:41:33.682762,1258.71,Pending,PayPal,602,9842,7238,2024-11-03 17:41:33.742958,1716.63,Shipped,PayPal,1284
281,5643,282,5643,2024-03-12 17:41:33.682895,1764.59,Pending,Bank Transfer,831,5644,4862,2024-05-19 17:41:33.716801,831.33,Shipped,Credit Card,1453
300,9804,301,9804,2025-01-22 17:41:33.683001,331.93,Pending,Credit Card,8595,9805,3614,2024-10-15 17:41:33.742741,110.64,Shipped,PayPal,5891
305,3983,306,3983,2024-08-23 17:41:33.683028,1626.72,Pending,PayPal,6349,3984,1282,2024-06-05 17:41:33.706104,694.41,Shipped,Credit Card,348
310,556,311,556,2024-09-12 17:41:33.683058,1420.01,Pending,Bank Transfer,4793,557,465,2024-04-12 17:41:33.684595,1938.49,Shipped,Bank Transfer,6525
333,9257,334,9257,2025-01-04 17:41:33.683239,1219.86,Pending,Credit Card,1262,9258,3213,2024-11-09 17:41:33.739509,708.24,Shipped,Credit Card,975
362,1195,363,1195,2024-10-10 17:41:33.683430,1363.24,Pending,PayPal,6477,1196,3095,2024-08-13 17:41:33.688523,768.9,Shipped,Credit Card,8096
370,5015,371,5015,2024-12-14 17:41:33.683473,1768.11,Pending,Credit Card,519,5016,6833,2024-09-25 17:41:33.712783,563.3,Shipped,Bank Transfer,5668
374,1429,375,1429,2024-07-15 17:41:33.683495,1576.64,Pending,PayPal,1681,1430,8816,2024-10-08 17:41:33.689925,733.6,Shipped,Credit Card,4858
380,6627,381,6627,2024-03-23 17:41:33.683528,709.14,Pending,Credit Card,6725,6628,3711,2024-07-19 17:41:33.722951,960.55,Shipped,PayPal,4367
402,3279,403,3279,2024-07-08 17:41:33.683681,586.55,Pending,Bank Transfer,2870,3280,1787,2024-07-22 17:41:33.701518,933.38,Shipped,Bank Transfer,6549
408,5501,409,5501,2024-05-10 17:41:33.683714,1632.28,Pending,Credit Card,5501,5502,8351,2024-11-19 17:41:33.715927,1543.42,Shipped,Bank Transfer,7609
432,3924,433,3924,2024-10-31 17:41:33.683845,1564.43,Pending,Credit Card,1943,3925,5201,2024-09-06 17:41:33.705717,41.12,Shipped,Bank Transfer,5018
433,3520,434,3520,2025-01-15 17:41:33.683851,1708.15,Pending,PayPal,1658,3521,3768,2024-12-30 17:41:33.703045,1938.98,Shipped,Credit Card,9786
512,9763,513,9763,2024-07-22 17:41:33.684299,1879.63,Pending,Bank Transfer,914,9764,3875,2024-05-07 17:41:33.742513,218.02,Shipped,Credit Card,3062
549,5689,550,5689,2024-05-19 17:41:33.684557,635.6,Pending,PayPal,4708,5690,2536,2024-10-26 17:41:33.717101,205.28,Shipped,Bank Transfer,5608
591,7805,592,7805,2025-01-15 17:41:33.684803,807.46,Pending,Credit Card,4046,7806,4006,2024-09-15 17:41:33.730448,760.51,Shipped,Credit Card,401
603,8755,604,8755,2024-11-20 17:41:33.684874,191.17,Pending,Credit Card,473,8756,1044,2025-02-03 17:41:33.736514,779.15,Shipped,PayPal,4548
609,473,610,473,2024-11-18 17:41:33.684907,400.42,Pending,PayPal,2537,474,6777,2024-03-11 17:41:33.684087,1142.12,Shipped,Credit Card,2082
623,3818,624,3818,2024-11-05 17:41:33.684990,501.21,Pending,Bank Transfer,5561,3819,7008,2024-08-02 17:41:33.705055,134.27,Shipped,Credit Card,9208
630,4499,631,4499,2024-03-30 17:41:33.685039,578.51,Pending,Credit Card,2638,4500,5330,2024-10-12 17:41:33.709380,1426.49,Shipped,Credit Card,1093
639,1007,640,1007,2024-05-17 17:41:33.685088,1797.58,Pending,Credit Card,4810,1008,7505,2024-12-11 17:41:33.687340,790.8,Shipped,PayPal,8369
668,4652,669,4652,2024-07-02 17:41:33.685249,1654.77,Pending,PayPal,2240,4653,4839,2024-05-24 17:41:33.710400,571.02,Shipped,Bank Transfer,3716
720,282,721,282,2024-06-04 17:41:33.685582,510.52,Pending,Bank Transfer,5242,283,2563,2024-03-25 17:41:33.682901,280.8,Shipped,Bank Transfer,4673
731,5496,732,5496,2024-03-16 17:41:33.685642,1736.5,Pending,Bank Transfer,6561,5497,9019,2024-12-06 17:41:33.715886,1732.41,Shipped,Bank Transfer,8591
753,3634,754,3634,2024-08-24 17:41:33.685777,1659.46,Pending,Bank Transfer,3170,3635,1382,2025-02-24 17:41:33.703831,1914.74,Shipped,Credit Card,6802
783,7789,784,7789,2025-02-03 17:41:33.685945,1264.26,Pending,Bank Transfer,191,7790,70,2025-01-03 17:41:33.730333,1523.57,Shipped,PayPal,9465
788,9382,789,9382,2024-02-29 17:41:33.685972,1862.78,Pending,Bank Transfer,9275,9383,3272,2024-04-11 17:41:33.740239,457.71,Shipped,Bank Transfer,6182
805,6548,806,6548,2024-07-26 17:41:33.686071,756.19,Pending,Bank Transfer,7792,6549,6927,2024-05-17 17:41:33.722452,1436.18,Shipped,PayPal,8201
833,4119,834,4119,2025-02-12 17:41:33.686249,450.83,Pending,Credit Card,8400,4120,6530,2024-04-11 17:41:33.706954,859.32,Shipped,Credit Card,5283
837,3799,838,3799,2025-01-11 17:41:33.686273,790.6,Pending,Credit Card,2533,3800,6855,2024-04-18 17:41:33.704934,169.05,Shipped,PayPal,75
868,6010,869,6010,2024-07-20 17:41:33.686446,927.7,Pending,PayPal,9839,6011,359,2024-03-02 17:41:33.719162,1870.03,Shipped,Credit Card,4276
876,8975,877,8975,2024-06-27 17:41:33.686490,1240.71,Pending,PayPal,7461,8976,8626,2024-08-19 17:41:33.737807,354.24,Shipped,PayPal,9790
888,6283,889,6283,2024-03-15 17:41:33.686560,1582.84,Pending,PayPal,4210,6284,5064,2024-03-01 17:41:33.720848,278.0,Shipped,Bank Transfer,6697
913,3324,914,3324,2024-06-07 17:41:33.686738,1051.7,Pending,PayPal,2665,3325,2330,2024-07-21 17:41:33.701807,1918.61,Shipped,PayPal,5552
923,8800,924,8800,2025-02-15 17:41:33.686792,1832.83,Pending,PayPal,6416,8801,1168,2024-02-29 17:41:33.736791,116.41,Shipped,Credit Card,6406
985,9299,986,9299,2025-01-11 17:41:33.687219,728.23,Pending,PayPal,7558,9300,4132,2024-11-12 17:41:33.739755,1281.75,Shipped,Bank Transfer,5775
1009,1650,1010,1650,2024-08-05 17:41:33.687351,1617.98,Pending,PayPal,7952,1651,41,2024-10-08 17:41:33.691277,1483.69,Shipped,Credit Card,3474
1030,8582,1031,8582,2024-09-08 17:41:33.687469,1101.33,Pending,Bank Transfer,8795,8583,8888,2024-08-07 17:41:33.735427,1273.13,Shipped,PayPal,3590
1077,5526,1078,5526,2024-08-31 17:41:33.687783,1896.6,Pending,PayPal,5400,5527,3884,2025-01-27 17:41:33.716085,1534.07,Shipped,PayPal,1074
1079,7246,1080,7246,2024-10-05 17:41:33.687794,1998.55,Pending,Credit Card,5657,7247,3435,2025-02-01 17:41:33.726829,558.26,Shipped,Bank Transfer,8160
1089,4092,1090,4092,2024-04-27 17:41:33.687849,113.77,Pending,Credit Card,2451,4093,2383,2024-12-15 17:41:33.706784,998.73,Shipped,PayPal,5256
1136,3570,1137,3570,2024-08-12 17:41:33.688158,848.19,Pending,PayPal,167,3571,2236,2025-01-28 17:41:33.703410,1195.99,Shipped,PayPal,3888
1165,3552,1166,3552,2024-11-27 17:41:33.688344,1188.42,Pending,Credit Card,8529,3553,981,2024-11-18 17:41:33.703308,1768.01,Shipped,Bank Transfer,8482
1186,9535,1187,9535,2024-11-18 17:41:33.688471,1825.48,Pending,PayPal,7590,9536,1780,2025-01-05 17:41:33.741163,166.73,Shipped,Credit Card,5999
1191,5132,1192,5132,2024-04-09 17:41:33.688501,1446.54,Pending,PayPal,7453,5133,5166,2024-12-28 17:41:33.713543,1593.43,Shipped,PayPal,9697
1194,569,1195,569,2024-08-19 17:41:33.688518,704.36,Pending,PayPal,8497,570,8380,2025-02-10 17:41:33.684667,605.44,Shipped,PayPal,6419
1208,5843,1209,5843,2024-06-02 17:41:33.688596,823.71,Pending,Bank Transfer,366,5844,5519,2024-10-10 17:41:33.718081,1079.05,Shipped,PayPal,4285
1216,3462,1217,3462,2024-12-22 17:41:33.688641,287.49,Pending,Bank Transfer,2237,3463,2298,2025-01-08 17:41:33.702681,1504.66,Shipped,PayPal,60
1249,3831,1250,3831,2024-08-27 17:41:33.688860,467.29,Pending,Bank Transfer,8921,3832,7156,2024-04-12 17:41:33.705126,1025.44,Shipped,PayPal,1547
1284,7105,1285,7105,2024-08-16 17:41:33.689079,1146.38,Pending,Bank Transfer,3444,7106,8382,2025-02-25 17:41:33.725965,1963.92,Shipped,Bank Transfer,3391
1326,9752,1327,9752,2024-10-03 17:41:33.689318,235.24,Pending,Bank Transfer,3386,9753,3119,2024-08-22 17:41:33.742452,1924.21,Shipped,PayPal,9533
1328,9468,1329,9468,2024-12-25 17:41:33.689337,1011.92,Pending,Credit Card,3557,9469,6431,2025-02-23 17:41:33.740770,1815.27,Shipped,PayPal,3104
1329,9968,1330,9968,2024-12-18 17:41:33.689342,907.39,Pending,PayPal,9606,9969,9848,2025-01-22 17:41:33.743705,1142.72,Shipped,Credit Card,6869
1350,5520,1351,5520,2024-07-10 17:41:33.689457,1777.13,Pending,Bank Transfer,3202,5521,5756,2024-12-16 17:41:33.716053,796.43,Shipped,Bank Transfer,8733
1359,2848,1360,2848,2024-05-17 17:41:33.689506,783.63,Pending,PayPal,9976,2849,3078,2024-07-10 17:41:33.698589,1907.01,Shipped,PayPal,1163
1383,9498,1384,9498,2024-08-16 17:41:33.689637,367.22,Pending,Bank Transfer,6342,9499,8983,2024-02-29 17:41:33.740945,847.02,Shipped,Credit Card,4839
1411,6946,1412,6946,2024-03-30 17:41:33.689801,1442.47,Pending,PayPal,8001,6947,8844,2024-10-10 17:41:33.724930,1369.11,Shipped,Credit Card,2369
1433,9346,1434,9346,2024-04-25 17:41:33.689947,314.46,Pending,Bank Transfer,8278,9347,6275,2024-04-22 17:41:33.740043,348.75,Shipped,Credit Card,1813
1448,5378,1449,5378,2024-03-05 17:41:33.690032,1957.29,Pending,PayPal,4884,5379,5082,2024-05-06 17:41:33.715084,1118.74,Shipped,Credit Card,2333
1468,2531,1469,2531,2024-11-03 17:41:33.690169,243.57,Pending,Bank Transfer,4249,2532,2494,2024-12-21 17:41:33.696556,1675.03,Shipped,Bank Transfer,7233
1475,9200,1476,9200,2024-04-19 17:41:33.690207,696.05,Pending,PayPal,9246,9201,4302,2025-01-11 17:41:33.739168,220.65,Shipped,PayPal,2711
1479,5618,1480,5618,2024-11-06 17:41:33.690229,1513.12,Pending,Credit Card,1003,5619,5678,2024-07-15 17:41:33.716649,698.75,Shipped,Credit Card,2333
1490,3570,1491,3570,2024-07-02 17:41:33.690289,709.36,Pending,Credit Card,5763,3571,2236,2025-01-28 17:41:33.703410,1195.99,Shipped,PayPal,3888
1502,2465,1503,2465,2024-05-20 17:41:33.690354,1281.91,Pending,PayPal,6612,2466,539,2024-03-25 17:41:33.696137,271.33,Shipped,Credit Card,2234
1505,3147,1506,3147,2024-12-28 17:41:33.690371,1781.87,Pending,Credit Card,5293,3148,4893,2024-11-11 17:41:33.700622,385.99,Shipped,Bank Transfer,1483
1527,8088,1528,8088,2024-11-05 17:41:33.690507,379.58,Pending,Credit Card,9203,8089,7061,2024-11-26 17:41:33.732224,1140.99,Shipped,Bank Transfer,333
1554,7411,1555,7411,2024-11-01 17:41:33.690654,246.04,Pending,PayPal,8578,7412,5057,2024-08-13 17:41:33.728064,1289.05,Shipped,Credit Card,3066
1588,4119,1589,4119,2024-12-31 17:41:33.690842,1653.46,Pending,PayPal,7250,4120,6530,2024-04-11 17:41:33.706954,859.32,Shipped,Credit Card,5283
1630,5305,1631,5305,2025-01-31 17:41:33.691105,1526.48,Pending,PayPal,3422,5306,5274,2024-08-06 17:41:33.714626,1392.82,Shipped,Bank Transfer,7861
1645,90,1646,90,2024-11-04 17:41:33.691241,1805.59,Pending,Bank Transfer,4642,91,3780,2024-05-12 17:41:33.681727,1436.6,Shipped,PayPal,6213
1654,1895,1655,1895,2024-12-05 17:41:33.691298,486.49,Pending,PayPal,4366,1896,196,2024-12-27 17:41:33.692742,1166.1,Shipped,Bank Transfer,9120
1669,9479,1670,9479,2024-03-13 17:41:33.691381,1642.7,Pending,PayPal,8270,9480,358,2025-01-27 17:41:33.740830,1843.76,Shipped,PayPal,5029
1690,3842,1691,3842,2024-06-14 17:41:33.691513,1376.66,Pending,Bank Transfer,8830,3843,351,2024-03-13 17:41:33.705201,1252.22,Shipped,Credit Card,2862
1691,8085,1692,8085,2024-11-07 17:41:33.691519,1073.18,Pending,Bank Transfer,9483,8086,5884,2024-12-23 17:41:33.732207,952.57,Shipped,Credit Card,7342
1706,6851,1707,6851,2024-05-14 17:41:33.691602,1593.96,Pending,PayPal,318,6852,2424,2024-10-25 17:41:33.724355,336.13,Shipped,Bank Transfer,5116
1717,4353,1718,4353,2025-02-05 17:41:33.691664,1466.72,Pending,PayPal,7049,4354,7728,2024-03-12 17:41:33.708471,135.43,Shipped,Credit Card,5476
1731,6300,1732,6300,2024-04-03 17:41:33.691741,226.64,Pending,Credit Card,1594,6301,9615,2025-01-17 17:41:33.720963,1367.93,Shipped,PayPal,4582
1732,7487,1733,7487,2024-04-22 17:41:33.691746,490.06,Pending,PayPal,5616,7488,9977,2024-08-13 17:41:33.728553,1994.7,Shipped,Credit Card,4630
1742,175,1743,175,2024-09-23 17:41:33.691801,1893.08,Pending,Credit Card,9342,176,4071,2024-12-19 17:41:33.682263,1374.86,Shipped,Bank Transfer,7766
1758,4992,1759,4992,2024-07-26 17:41:33.691889,248.98,Pending,PayPal,8752,4993,2248,2024-12-07 17:41:33.712630,910.86,Shipped,Credit Card,2966
1771,99,1772,99,2024-06-01 17:41:33.691978,1335.33,Pending,Credit Card,1298,100,9261,2024-10-05 17:41:33.681795,456.43,Shipped,PayPal,7424
1772,4543,1773,4543,2024-07-20 17:41:33.691983,681.76,Pending,Credit Card,3917,4544,4369,2024-12-21 17:41:33.709669,874.73,Shipped,Bank Transfer,2998
1779,8698,1780,8698,2024-09-01 17:41:33.692021,1502.97,Pending,PayPal,3115,8699,3801,2025-02-22 17:41:33.736167,1653.46,Shipped,PayPal,445
1801,110,1802,110,2025-02-09 17:41:33.692163,1971.46,Pending,Credit Card,2780,111,6395,2024-12-04 17:41:33.681857,1238.52,Shipped,Bank Transfer,7424
1826,4579,1827,4579,2024-07-18 17:41:33.692329,1203.17,Pending,Bank Transfer,395,4580,3350,2024-10-05 17:41:33.709898,91.3,Shipped,Bank Transfer,828
1847,3520,1848,3520,2024-03-25 17:41:33.692447,1596.87,Pending,Bank Transfer,2592,3521,3768,2024-12-30 17:41:33.703045,1938.98,Shipped,Credit Card,9786
1883,9259,1884,9259,2025-02-21 17:41:33.692662,975.98,Pending,Credit Card,8689,9260,7774,2024-04-18 17:41:33.739527,153.36,Shipped,Credit Card,1828
1908,5686,1909,5686,2024-04-05 17:41:33.692813,394.4,Pending,Credit Card,5977,5687,3492,2024-10-05 17:41:33.717077,106.8,Shipped,Credit Card,7256
1917,6655,1918,6655,2024-03-09 17:41:33.692863,1353.73,Pending,Bank Transfer,4065,6656,1163,2025-02-01 17:41:33.723119,176.04,Shipped,Credit Card,9280
1936,9065,1937,9065,2024-06-14 17:41:33.692966,332.11,Pending,Credit Card,5094,9066,2488,2024-04-12 17:41:33.738358,1129.91,Shipped,PayPal,5052
1941,5692,1942,5692,2024-12-19 17:41:33.693001,1741.37,Pending,Credit Card,6480,5693,9980,2024-03-14 17:41:33.717118,1883.56,Shipped,Bank Transfer,7556
1943,7505,1944,7505,2024-07-13 17:41:33.693019,208.06,Pending,PayPal,6143,7506,1852,2024-03-13 17:41:33.728651,438.25,Shipped,Credit Card,455
1957,2182,1958,2182,2024-10-27 17:41:33.693096,1284.44,Pending,Credit Card,3438,2183,690,2024-03-02 17:41:33.694474,1142.57,Shipped,PayPal,6811
1986,6733,1987,6733,2025-02-21 17:41:33.693272,609.78,Pending,Bank Transfer,4153,6734,9163,2024-10-05 17:41:33.723667,1836.62,Shipped,PayPal,1321
2006,1014,2007,1014,2025-02-11 17:41:33.693411,830.27,Pending,Bank Transfer,945,1015,3228,2025-02-24 17:41:33.687380,503.24,Shipped,PayPal,9473
2023,885,2024,885,2024-10-13 17:41:33.693508,881.31,Pending,PayPal,8241,886,8844,2025-02-14 17:41:33.686539,202.71,Shipped,Bank Transfer,2573
2038,3900,2039,3900,2024-03-26 17:41:33.693590,1302.22,Pending,Credit Card,8067,3901,7659,2024-11-28 17:41:33.705570,263.53,Shipped,Bank Transfer,4786
2040,5661,2041,5661,2024-09-21 17:41:33.693601,385.88,Pending,Credit Card,8503,5662,9736,2025-01-16 17:41:33.716913,1529.0,Shipped,Bank Transfer,4011
2052,7971,2053,7971,2024-07-23 17:41:33.693683,479.07,Pending,PayPal,3407,7972,8875,2024-11-29 17:41:33.731531,1096.1,Shipped,Bank Transfer,5285
2060,1546,2061,1546,2024-12-08 17:41:33.693727,870.7,Pending,PayPal,7081,1547,2995,2024-11-18 17:41:33.690611,381.26,Shipped,PayPal,630
2108,9309,2109,9309,2024-12-20 17:41:33.694010,1518.84,Pending,Credit Card,6554,9310,3682,2024-09-12 17:41:33.739820,1999.72,Shipped,PayPal,7412
2109,3170,2110,3170,2024-12-26 17:41:33.694015,1604.08,Pending,Credit Card,2321,3171,613,2024-06-30 17:41:33.700765,580.27,Shipped,PayPal,7390
2115,6471,2116,6471,2024-06-23 17:41:33.694048,827.93,Pending,Credit Card,8007,6472,2590,2024-09-24 17:41:33.721952,1102.33,Shipped,Bank Transfer,4386
2119,3849,2120,3849,2025-02-11 17:41:33.694079,285.69,Pending,PayPal,7877,3850,2409,2024-09-29 17:41:33.705253,1874.84,Shipped,Bank Transfer,2771
2134,696,2135,696,2024-11-08 17:41:33.694169,442.21,Pending,Credit Card,8267,697,12,2024-08-08 17:41:33.685404,527.59,Shipped,PayPal,9243
2173,2395,2174,2395,2024-08-11 17:41:33.694414,185.97,Pending,PayPal,3278,2396,6044,2024-04-09 17:41:33.695743,1199.56,Shipped,Credit Card,3341
2189,2876,2190,2876,2024-05-08 17:41:33.694518,1385.27,Pending,Credit Card,7408,2877,1749,2024-12-02 17:41:33.698764,946.17,Shipped,PayPal,9686
2200,4132,2201,4132,2024-05-31 17:41:33.694579,1258.12,Pending,Credit Card,8090,4133,3907,2024-08-05 17:41:33.707063,1985.98,Shipped,Bank Transfer,4741
2212,9509,2213,9509,2024-05-05 17:41:33.694645,1964.7,Pending,Bank Transfer,6453,9510,8363,2024-03-24 17:41:33.741006,729.51,Shipped,Bank Transfer,738
2225,7298,2226,7298,2024-03-04 17:41:33.694719,1920.12,Pending,Credit Card,4813,7299,423,2025-02-10 17:41:33.727197,465.15,Shipped,PayPal,3841
2322,6694,2323,6694,2024-09-14 17:41:33.695313,255.55,Pending,Credit Card,8028,6695,9052,2024-06-15 17:41:33.723435,1797.12,Shipped,PayPal,8923
2350,8097,2351,8097,2024-12-02 17:41:33.695482,1123.38,Pending,Credit Card,754,8098,684,2024-10-22 17:41:33.732272,708.79,Shipped,PayPal,2031
2353,4442,2354,4442,2024-08-29 17:41:33.695498,1224.78,Pending,PayPal,4759,4443,4783,2024-12-08 17:41:33.709029,790.95,Shipped,Credit Card,4150
2403,6050,2404,6050,2024-05-10 17:41:33.695787,1433.41,Pending,Bank Transfer,4117,6051,3637,2024-03-17 17:41:33.719452,1623.3,Shipped,Bank Transfer,4367
2408,7818,2409,7818,2024-05-08 17:41:33.695815,1654.76,Pending,Bank Transfer,5430,7819,5118,2024-07-24 17:41:33.730523,586.84,Shipped,Bank Transfer,5130
2437,2392,2438,2392,2024-09-20 17:41:33.695985,1961.85,Pending,Bank Transfer,4699,2393,2916,2024-12-21 17:41:33.695726,1468.2,Shipped,PayPal,2986
2448,6464,2449,6464,2024-10-22 17:41:33.696045,1431.75,Pending,Credit Card,3653,6465,2041,2024-09-26 17:41:33.721915,621.69,Shipped,Credit Card,4677
2453,565,2454,565,2024-07-06 17:41:33.696072,785.83,Pending,PayPal,6795,566,7456,2024-06-01 17:41:33.684645,1505.75,Shipped,PayPal,5223
2459,1105,2460,1105,2024-06-03 17:41:33.696105,1397.82,Pending,Bank Transfer,2094,1106,2725,2024-06-29 17:41:33.687955,1244.81,Shipped,PayPal,14
2464,4133,2465,4133,2024-04-14 17:41:33.696131,1501.34,Pending,PayPal,3352,4134,877,2024-03-10 17:41:33.707068,1258.66,Shipped,Credit Card,9756
2470,9130,2471,9130,2025-02-26 17:41:33.696164,787.18,Pending,Bank Transfer,2426,9131,8829,2024-09-23 17:41:33.738736,967.48,Shipped,PayPal,8108
2473,3681,2474,3681,2025-02-03 17:41:33.696182,877.32,Pending,PayPal,1794,3682,390,2024-12-20 17:41:33.704189,207.75,Shipped,PayPal,1513
2485,1991,2486,1991,2025-02-07 17:41:33.696273,386.98,Pending,PayPal,7882,1992,1013,2024-12-01 17:41:33.693312,1915.94,Shipped,Credit Card,4481
2491,9789,2492,9789,2024-07-03 17:41:33.696306,1217.05,Pending,Credit Card,112,9790,6861,2025-01-22 17:41:33.742656,981.96,Shipped,PayPal,2906
2529,905,2530,905,2025-02-10 17:41:33.696545,549.37,Pending,Bank Transfer,4308,906,3775,2024-06-09 17:41:33.686682,1825.7,Shipped,Bank Transfer,958
2540,9807,2541,9807,2024-07-03 17:41:33.696609,1269.51,Pending,Bank Transfer,9403,9808,768,2025-01-07 17:41:33.742769,1520.93,Shipped,PayPal,1617
2541,3267,2542,3267,2024-04-28 17:41:33.696619,1044.85,Pending,Credit Card,4679,3268,5164,2024-10-27 17:41:33.701443,1024.03,Shipped,PayPal,1721
2569,6225,2570,6225,2024-09-12 17:41:33.696783,766.69,Pending,Credit Card,2482,6226,9873,2024-04-21 17:41:33.720504,790.07,Shipped,Bank Transfer,2558
2570,9542,2571,9542,2024-06-05 17:41:33.696789,1403.7,Pending,Bank Transfer,3273,9543,745,2024-05-23 17:41:33.741201,1598.87,Shipped,Credit Card,7218
2572,4327,2573,4327,2024-08-01 17:41:33.696800,1305.51,Pending,Bank Transfer,4272,4328,4512,2024-08-29 17:41:33.708302,1777.33,Shipped,Credit Card,7032
2641,7787,2642,7787,2024-11-12 17:41:33.697196,750.19,Pending,PayPal,5242,7788,8780,2024-10-05 17:41:33.730315,505.21,Shipped,PayPal,9119
2646,7503,2647,7503,2024-10-09 17:41:33.697223,1381.26,Pending,PayPal,131,7504,5549,2024-11-20 17:41:33.728640,1310.57,Shipped,Credit Card,406
2651,6212,2652,6212,2024-04-18 17:41:33.697266,1258.41,Pending,PayPal,2555,6213,7718,2024-04-28 17:41:33.720423,43.17,Shipped,Credit Card,4156
2660,8190,2661,8190,2025-02-07 17:41:33.697338,734.15,Pending,Credit Card,965,8191,3598,2024-03-05 17:41:33.732848,121.79,Shipped,Bank Transfer,9759
2671,6153,2672,6153,2024-06-25 17:41:33.697404,1743.25,Pending,Credit Card,9387,6154,4305,2025-02-07 17:41:33.720088,1375.11,Shipped,Credit Card,9862
2673,2752,2674,2752,2024-08-16 17:41:33.697423,1623.24,Pending,PayPal,6729,2753,7601,2024-12-16 17:41:33.697988,1560.85,Shipped,Bank Transfer,33
2705,1846,2706,1846,2024-03-28 17:41:33.697639,238.9,Pending,Bank Transfer,6918,1847,2094,2024-04-05 17:41:33.692442,455.95,Shipped,Credit Card,5876
2723,4125,2724,4125,2024-09-27 17:41:33.697757,1602.27,Pending,Bank Transfer,9371,4126,1985,2024-04-20 17:41:33.707001,1157.35,Shipped,Credit Card,3014
2737,8569,2738,8569,2024-10-30 17:41:33.697855,223.24,Pending,Bank Transfer,9892,8570,6979,2024-08-04 17:41:33.735356,538.0,Shipped,PayPal,8314
2739,9376,2740,9376,2025-01-28 17:41:33.697873,681.3,Pending,Credit Card,6472,9377,5862,2024-08-04 17:41:33.740207,1223.75,Shipped,Bank Transfer,5995
2754,1887,2755,1887,2024-10-21 17:41:33.698007,1179.82,Pending,PayPal,2969,1888,4733,2024-08-18 17:41:33.692689,779.16,Shipped,PayPal,6477
2772,9072,2773,9072,2025-02-14 17:41:33.698148,242.55,Pending,Bank Transfer,9545,9073,3266,2024-04-20 17:41:33.738397,317.94,Shipped,PayPal,1745
2788,8476,2789,8476,2025-01-25 17:41:33.698234,1157.69,Pending,Credit Card,6313,8477,8997,2025-01-10 17:41:33.734614,562.81,Shipped,Credit Card,8027
2796,5845,2797,5845,2025-01-22 17:41:33.698277,1588.82,Pending,Credit Card,2429,5846,2332,2024-10-07 17:41:33.718091,1054.11,Shipped,PayPal,1864
2820,3857,2821,3857,2025-01-14 17:41:33.698421,933.05,Pending,Credit Card,1155,3858,9307,2024-11-26 17:41:33.705298,945.23,Shipped,PayPal,9778
2853,6940,2854,6940,2024-09-01 17:41:33.698616,424.24,Pending,Bank Transfer,735,6941,3526,2024-04-12 17:41:33.724897,1791.51,Shipped,Bank Transfer,9338
2856,282,2857,282,2024-12-25 17:41:33.698633,1570.29,Pending,PayPal,4784,283,2563,2024-03-25 17:41:33.682901,280.8,Shipped,Bank Transfer,4673
2870,6525,2871,6525,2024-04-09 17:41:33.698726,157.57,Pending,PayPal,307,6526,2783,2024-06-04 17:41:33.722324,1447.09,Shipped,Bank Transfer,405
2885,3086,2886,3086,2024-09-20 17:41:33.698836,341.87,Pending,Bank Transfer,714,3087,8011,2024-08-20 17:41:33.700218,28.32,Shipped,Credit Card,8340
2892,7009,2893,7009,2024-03-29 17:41:33.698875,1532.31,Pending,Credit Card,2839,7010,2384,2024-11-20 17:41:33.725332,1955.4,Shipped,Credit Card,3484
2920,2385,2921,2385,2024-10-07 17:41:33.699059,329.59,Pending,Bank Transfer,966,2386,5093,2024-06-24 17:41:33.695688,791.8,Shipped,Credit Card,7710
2937,2843,2938,2843,2024-11-06 17:41:33.699210,1962.63,Pending,Credit Card,1566,2844,9352,2024-06-13 17:41:33.698562,189.02,Shipped,Bank Transfer,6335
2939,393,2940,393,2025-01-15 17:41:33.699228,1215.9,Pending,Bank Transfer,8731,394,9359,2025-01-31 17:41:33.683628,1099.29,Shipped,Credit Card,969
2958,6865,2959,6865,2024-06-13 17:41:33.699365,1745.5,Pending,Credit Card,6431,6866,3007,2024-11-04 17:41:33.724461,892.12,Shipped,PayPal,9599
2960,2543,2961,2543,2025-01-01 17:41:33.699376,1999.08,Pending,PayPal,8029,2544,1617,2024-08-09 17:41:33.696638,1454.03,Shipped,Credit Card,1245
3007,7823,3008,7823,2024-11-09 17:41:33.699678,871.36,Pending,Credit Card,8702,7824,9589,2024-07-17 17:41:33.730550,1746.05,Shipped,Bank Transfer,3498
3009,5858,3010,5858,2024-11-02 17:41:33.699689,632.67,Pending,Bank Transfer,8743,5859,9411,2024-04-06 17:41:33.718180,449.38,Shipped,Bank Transfer,3916
3031,878,3032,878,2024-10-17 17:41:33.699827,400.14,Pending,Bank Transfer,8729,879,8908,2024-04-01 17:41:33.686501,1111.98,Shipped,PayPal,3049
3035,8180,3036,8180,2024-12-18 17:41:33.699863,1310.6,Pending,Bank Transfer,9166,8181,9033,2025-02-02 17:41:33.732774,776.03,Shipped,PayPal,707
3059,9198,3060,9198,2024-07-24 17:41:33.700006,1338.49,Pending,PayPal,1509,9199,9880,2024-11-30 17:41:33.739150,1210.91,Shipped,Credit Card,67
3061,7741,3062,7741,2024-10-09 17:41:33.700025,1419.68,Pending,Bank Transfer,3271,7742,1002,2024-03-23 17:41:33.730045,196.61,Shipped,PayPal,3885
3066,2835,3067,2835,2024-04-11 17:41:33.700067,1300.39,Pending,PayPal,2197,2836,8929,2024-10-10 17:41:33.698506,1684.18,Shipped,PayPal,8742
3075,6536,3076,6536,2024-08-15 17:41:33.700150,1687.33,Pending,Credit Card,8410,6537,2767,2024-05-14 17:41:33.722385,85.41,Shipped,Bank Transfer,1535
3078,5098,3079,5098,2024-08-24 17:41:33.700174,424.04,Pending,Bank Transfer,8034,5099,1226,2024-10-26 17:41:33.713313,1544.51,Shipped,Bank Transfer,2920
3079,2895,3080,2895,2024-05-03 17:41:33.700180,495.49,Pending,PayPal,2673,2896,2165,2024-10-01 17:41:33.698891,415.29,Shipped,Bank Transfer,1512
3083,6864,3084,6864,2024-06-05 17:41:33.700202,1611.13,Pending,Credit Card,373,6865,1766,2024-09-10 17:41:33.724455,580.13,Shipped,Bank Transfer,3530
3149,7823,3150,7823,2025-01-19 17:41:33.700633,751.67,Pending,Bank Transfer,2922,7824,9589,2024-07-17 17:41:33.730550,1746.05,Shipped,Bank Transfer,3498
3187,1404,3188,1404,2025-02-03 17:41:33.700874,591.89,Pending,PayPal,6780,1405,9953,2024-10-10 17:41:33.689752,1447.85,Shipped,PayPal,2043
3262,301,3263,301,2024-08-23 17:41:33.701397,817.47,Pending,Credit Card,6225,302,945,2025-02-24 17:41:33.683007,952.46,Shipped,Credit Card,9556
3276,1905,3277,1905,2024-09-02 17:41:33.701502,364.2,Pending,Credit Card,2192,1906,2678,2024-06-30 17:41:33.692797,649.53,Shipped,Bank Transfer,9383
3289,6892,3290,6892,2025-01-28 17:41:33.701583,312.44,Pending,PayPal,3852,6893,1842,2024-11-28 17:41:33.724608,814.86,Shipped,PayPal,8173
3296,7064,3297,7064,2025-01-25 17:41:33.701621,275.09,Pending,Bank Transfer,2558,7065,2892,2024-09-22 17:41:33.725699,1996.78,Shipped,Bank Transfer,3776
3312,8536,3313,8536,2025-01-17 17:41:33.701725,1761.91,Pending,Credit Card,7680,8537,9378,2024-06-23 17:41:33.734972,286.12,Shipped,Bank Transfer,4644
3340,7792,3341,7792,2024-09-15 17:41:33.701893,1948.77,Pending,Bank Transfer,2933,7793,6527,2024-09-09 17:41:33.730361,205.05,Shipped,Credit Card,4535
3429,6793,3430,6793,2024-10-16 17:41:33.702464,1353.36,Pending,Credit Card,8246,6794,6092,2024-11-15 17:41:33.724000,1757.24,Shipped,Bank Transfer,4408
3442,6409,3443,6409,2024-05-26 17:41:33.702555,1979.62,Pending,PayPal,1689,6410,3159,2025-01-06 17:41:33.721618,320.16,Shipped,Bank Transfer,7292
3447,563,3448,563,2024-11-28 17:41:33.702588,1794.76,Pending,Bank Transfer,5312,564,8655,2024-06-30 17:41:33.684633,1912.03,Shipped,Credit Card,2754
3457,1650,3458,1650,2024-05-05 17:41:33.702649,1864.96,Pending,PayPal,4725,1651,41,2024-10-08 17:41:33.691277,1483.69,Shipped,Credit Card,3474
3466,3617,3467,3617,2024-05-07 17:41:33.702702,1708.06,Pending,Bank Transfer,5826,3618,7588,2024-03-15 17:41:33.703712,515.94,Shipped,PayPal,3675
3503,1015,3504,1015,2024-06-20 17:41:33.702935,1338.37,Pending,Bank Transfer,6526,1016,7996,2024-12-21 17:41:33.687385,825.93,Shipped,Credit Card,7710
3505,9150,3506,9150,2024-12-09 17:41:33.702946,1345.14,Pending,Bank Transfer,4353,9151,710,2024-08-25 17:41:33.738850,453.22,Shipped,Bank Transfer,814
3530,175,3531,175,2024-03-29 17:41:33.703116,964.3,Pending,Credit Card,202,176,4071,2024-12-19 17:41:33.682263,1374.86,Shipped,Bank Transfer,7766
3532,9270,3533,9270,2024-03-20 17:41:33.703145,162.78,Pending,Credit Card,8233,9271,8045,2025-02-16 17:41:33.739596,1756.35,Shipped,Bank Transfer,965
3565,9031,3566,9031,2024-05-22 17:41:33.703383,1278.64,Pending,Bank Transfer,2590,9032,7638,2025-02-13 17:41:33.738149,1674.18,Shipped,Credit Card,4713
3569,7406,3570,7406,2024-08-06 17:41:33.703405,348.77,Pending,Bank Transfer,9973,7407,8366,2024-10-25 17:41:33.728025,26.98,Shipped,PayPal,2696
3574,4616,3575,4616,2024-03-30 17:41:33.703442,672.82,Pending,Bank Transfer,644,4617,8750,2024-05-30 17:41:33.710141,1648.32,Shipped,Bank Transfer,2768
3592,9413,3593,9413,2024-12-12 17:41:33.703546,558.49,Pending,PayPal,4855,9414,3199,2024-06-07 17:41:33.740426,1635.96,Shipped,Bank Transfer,5907
3621,182,3622,182,2025-02-15 17:41:33.703744,598.09,Pending,Bank Transfer,1634,183,43,2024-09-13 17:41:33.682301,182.93,Shipped,Bank Transfer,9402
3639,8136,3640,8136,2024-04-29 17:41:33.703859,1237.06,Pending,PayPal,6871,8137,2013,2024-03-12 17:41:33.732514,1753.09,Shipped,PayPal,2820
3646,1824,3647,1824,2024-11-02 17:41:33.703904,1316.82,Pending,Bank Transfer,8827,1825,2280,2024-04-20 17:41:33.692311,1597.58,Shipped,Bank Transfer,6056
3658,576,3659,576,2024-08-02 17:41:33.703991,458.53,Pending,PayPal,7636,577,7813,2024-09-13 17:41:33.684720,1114.43,Shipped,PayPal,4411
3664,1247,3665,1247,2024-11-19 17:41:33.704072,55.2,Pending,Bank Transfer,9516,1248,4197,2024-03-23 17:41:33.688848,1489.03,Shipped,PayPal,1275
3668,6747,3669,6747,2024-12-14 17:41:33.704102,1508.25,Pending,Credit Card,6052,6748,4646,2024-12-19 17:41:33.723750,1771.51,Shipped,PayPal,7186
3675,5389,3676,5389,2024-12-02 17:41:33.704140,1910.36,Pending,PayPal,3402,5390,6635,2025-02-22 17:41:33.715176,967.26,Shipped,Bank Transfer,3663
3685,6679,3686,6679,2024-05-12 17:41:33.704211,1365.97,Pending,Bank Transfer,6598,6680,3744,2024-12-27 17:41:33.723350,33.58,Shipped,Credit Card,4431
3689,1333,3690,1333,2024-11-07 17:41:33.704236,599.28,Pending,Bank Transfer,3697,1334,2015,2024-12-25 17:41:33.689364,373.86,Shipped,PayPal,9827
3694,9063,3695,9063,2024-12-29 17:41:33.704272,589.34,Pending,Credit Card,2537,9064,9209,2024-11-09 17:41:33.738348,775.25,Shipped,Credit Card,4104
3748,5443,3749,5443,2024-10-20 17:41:33.704604,1603.35,Pending,PayPal,8097,5444,176,2024-07-01 17:41:33.715558,1448.7,Shipped,PayPal,1786
3773,2929,3774,2929,2024-03-17 17:41:33.704766,915.26,Pending,Bank Transfer,5918,2930,3690,2024-11-25 17:41:33.699121,1597.53,Shipped,PayPal,4594
3778,7907,3779,7907,2024-09-01 17:41:33.704793,631.78,Pending,Bank Transfer,7420,7908,3829,2024-12-19 17:41:33.731070,293.0,Shipped,Credit Card,8285
3805,6502,3806,6502,2024-08-25 17:41:33.704971,194.56,Pending,Bank Transfer,1471,6503,4885,2025-01-17 17:41:33.722158,1712.63,Shipped,Bank Transfer,959
3812,4352,3813,4352,2024-10-30 17:41:33.705021,565.37,Pending,PayPal,1742,4353,1528,2025-01-16 17:41:33.708462,781.14,Shipped,PayPal,6330
3820,9308,3821,9308,2024-05-15 17:41:33.705065,59.88,Pending,Credit Card,4779,9309,7195,2024-06-29 17:41:33.739811,1862.54,Shipped,Bank Transfer,4047
3821,3115,3822,3115,2024-03-27 17:41:33.705071,218.22,Pending,Credit Card,2778,3116,8879,2024-05-23 17:41:33.700416,1723.08,Shipped,PayPal,983
3832,8455,3833,8455,2024-12-05 17:41:33.705132,1642.78,Pending,Bank Transfer,9459,8456,3819,2024-04-05 17:41:33.734483,1952.76,Shipped,PayPal,2088
3847,882,3848,882,2024-07-20 17:41:33.705235,1443.73,Pending,Bank Transfer,5046,883,533,2024-10-04 17:41:33.686523,1950.85,Shipped,Credit Card,3214
3877,2505,3878,2505,2024-09-06 17:41:33.705425,1710.34,Pending,Bank Transfer,6367,2506,2650,2024-06-26 17:41:33.696398,344.81,Shipped,Credit Card,224
3897,9793,3898,9793,2024-03-28 17:41:33.705553,289.8,Pending,PayPal,9793,9794,4007,2025-01-01 17:41:33.742678,1741.04,Shipped,Bank Transfer,8088
3898,615,3899,615,2024-08-14 17:41:33.705559,414.63,Pending,Bank Transfer,5860,616,9321,2024-06-02 17:41:33.684940,887.95,Shipped,Credit Card,1469
3918,6580,3919,6580,2024-07-31 17:41:33.705684,967.13,Pending,PayPal,3212,6581,3751,2024-11-23 17:41:33.722671,1834.79,Shipped,PayPal,192
3936,6670,3937,6670,2024-07-11 17:41:33.705792,1311.1,Pending,PayPal,3115,6671,8062,2024-12-23 17:41:33.723267,668.32,Shipped,Bank Transfer,721
3945,3415,3946,3415,2024-04-07 17:41:33.705851,1691.96,Pending,Bank Transfer,6713,3416,7502,2024-12-10 17:41:33.702386,1472.17,Shipped,PayPal,4060
3950,1306,3951,1306,2024-03-29 17:41:33.705884,1955.59,Pending,Credit Card,3923,1307,1208,2024-10-14 17:41:33.689201,762.03,Shipped,Credit Card,1682
3956,4773,3957,4773,2025-01-05 17:41:33.705926,1746.31,Pending,Credit Card,8750,4774,3290,2024-03-19 17:41:33.711243,792.72,Shipped,Credit Card,1172
3968,5375,3969,5375,2024-07-14 17:41:33.706007,1468.87,Pending,PayPal,8409,5376,6862,2024-04-02 17:41:33.715059,1034.53,Shipped,PayPal,8462
3992,869,3993,869,2024-09-27 17:41:33.706153,503.37,Pending,Bank Transfer,8088,870,7911,2024-06-28 17:41:33.686451,955.19,Shipped,Bank Transfer,9679
3995,1760,3996,1760,2025-02-17 17:41:33.706169,565.12,Pending,PayPal,1564,1761,5074,2024-11-26 17:41:33.691900,1263.68,Shipped,Bank Transfer,754
4012,499,4013,499,2025-01-25 17:41:33.706278,710.86,Pending,PayPal,6345,500,1512,2024-03-21 17:41:33.684228,90.47,Shipped,Credit Card,7777
4049,5618,4050,5618,2024-10-29 17:41:33.706523,1088.35,Pending,Bank Transfer,3809,5619,5678,2024-07-15 17:41:33.716649,698.75,Shipped,Credit Card,2333
4059,4683,4060,4683,2024-03-19 17:41:33.706589,1240.18,Pending,Bank Transfer,5702,4684,5249,2024-06-08 17:41:33.710583,718.94,Shipped,Bank Transfer,7349
4067,5628,4068,5628,2024-12-14 17:41:33.706632,1726.64,Pending,Credit Card,1936,5629,794,2024-06-01 17:41:33.716704,1384.26,Shipped,Credit Card,1096
4072,202,4073,202,2024-07-16 17:41:33.706665,1702.35,Pending,PayPal,6869,203,3507,2024-11-21 17:41:33.682428,908.7,Shipped,Bank Transfer,3539
4077,7009,4078,7009,2024-05-04 17:41:33.706702,659.8,Pending,Bank Transfer,3116,7010,2384,2024-11-20 17:41:33.725332,1955.4,Shipped,Credit Card,3484
4084,8591,4085,8591,2024-05-28 17:41:33.706740,1404.86,Pending,Credit Card,5087,8592,7621,2024-11-28 17:41:33.735477,1122.1,Shipped,Bank Transfer,8014
4090,4086,4091,4086,2024-03-28 17:41:33.706773,642.53,Pending,Credit Card,7724,4087,6550,2024-07-19 17:41:33.706750,456.65,Shipped,PayPal,4637
4096,714,4097,714,2024-07-07 17:41:33.706810,1263.98,Pending,Bank Transfer,6318,715,5917,2024-08-01 17:41:33.685535,245.08,Shipped,Credit Card,3435
4138,1696,4139,1696,2024-08-30 17:41:33.707096,881.4,Pending,Bank Transfer,6517,1697,7831,2024-06-02 17:41:33.691547,1820.69,Shipped,Credit Card,607
4151,3495,4152,3495,2024-12-25 17:41:33.707194,1263.33,Pending,PayPal,8760,3496,8393,2024-12-30 17:41:33.702893,1751.02,Shipped,PayPal,3875
4164,4614,4165,4614,2024-08-14 17:41:33.707265,989.06,Pending,Bank Transfer,9849,4615,3954,2024-12-10 17:41:33.710129,850.78,Shipped,PayPal,9073
4165,8872,4166,8872,2024-06-14 17:41:33.707271,570.95,Pending,Credit Card,3902,8873,1441,2024-05-25 17:41:33.737210,1436.36,Shipped,Credit Card,9789
4171,5135,4172,5135,2024-11-10 17:41:33.707319,352.05,Pending,PayPal,7781,5136,9122,2024-03-07 17:41:33.713560,1061.99,Shipped,PayPal,6269
4172,3028,4173,3028,2024-09-15 17:41:33.707325,1289.82,Pending,Credit Card,8632,3029,5690,2024-03-03 17:41:33.699811,1421.88,Shipped,PayPal,525
4187,3785,4188,3785,2024-07-06 17:41:33.707422,219.33,Pending,Bank Transfer,6069,3786,6656,2024-09-10 17:41:33.704842,514.45,Shipped,Bank Transfer,4702
4194,2495,4195,2495,2024-03-22 17:41:33.707460,1229.42,Pending,Credit Card,11,2496,8909,2024-05-08 17:41:33.696328,533.08,Shipped,Bank Transfer,1791
4213,8103,4214,8103,2024-08-08 17:41:33.707585,1647.78,Pending,Bank Transfer,8967,8104,2174,2024-03-28 17:41:33.732305,764.84,Shipped,PayPal,294
4239,4215,4240,4215,2025-02-25 17:41:33.707754,1929.44,Pending,PayPal,364,4216,9750,2025-01-11 17:41:33.707600,892.97,Shipped,Credit Card,3187
4261,9630,4262,9630,2024-11-06 17:41:33.707891,830.61,Pending,Credit Card,7389,9631,8118,2024-05-03 17:41:33.741752,139.54,Shipped,PayPal,2160
4270,6082,4271,6082,2025-02-19 17:41:33.707947,1996.82,Pending,PayPal,988,6083,6650,2024-10-16 17:41:33.719637,289.88,Shipped,Bank Transfer,2640
4274,5679,4275,5679,2025-01-08 17:41:33.707969,917.25,Pending,PayPal,5831,5680,191,2025-01-10 17:41:33.717031,1359.78,Shipped,Credit Card,8102
4284,4612,4285,4612,2024-11-18 17:41:33.708035,1218.47,Pending,Credit Card,7510,4613,4768,2024-03-12 17:41:33.710114,1841.95,Shipped,Credit Card,3519
4286,3181,4287,3181,2024-04-26 17:41:33.708045,1353.49,Pending,Credit Card,3593,3182,6328,2024-05-02 17:41:33.700828,808.15,Shipped,Credit Card,234
4306,9181,4307,9181,2025-01-13 17:41:33.708172,136.27,Pending,PayPal,579,9182,1643,2024-03-15 17:41:33.739034,1696.04,Shipped,Credit Card,8533
4321,5992,4322,5992,2025-01-24 17:41:33.708270,287.88,Pending,Bank Transfer,5062,5993,2207,2024-10-15 17:41:33.719035,1696.25,Shipped,Bank Transfer,2274
4334,5745,4335,5745,2024-05-03 17:41:33.708342,695.63,Pending,PayPal,1196,5746,9838,2024-05-10 17:41:33.717421,105.11,Shipped,Credit Card,6277
4336,9014,4337,9014,2024-07-12 17:41:33.708353,1495.87,Pending,Bank Transfer,1586,9015,1652,2024-07-24 17:41:33.738056,1628.83,Shipped,Bank Transfer,8189
4339,6053,4340,6053,2025-02-15 17:41:33.708376,635.03,Pending,Credit Card,6958,6054,5640,2024-06-26 17:41:33.719468,1269.21,Shipped,Bank Transfer,356
4342,5650,4343,5650,2025-02-03 17:41:33.708401,1610.88,Pending,Bank Transfer,8333,5651,6799,2024-03-30 17:41:33.716854,1944.04,Shipped,Bank Transfer,5002
4384,4191,4385,4191,2024-12-21 17:41:33.708670,435.23,Pending,Bank Transfer,4587,4192,5272,2024-03-08 17:41:33.707443,1180.25,Shipped,PayPal,969
4404,8015,4405,8015,2025-02-06 17:41:33.708790,1745.59,Pending,Credit Card,2721,8016,9234,2024-11-21 17:41:33.731796,298.19,Shipped,PayPal,667
4450,1429,4451,1429,2024-08-08 17:41:33.709083,1064.21,Pending,PayPal,6564,1430,8816,2024-10-08 17:41:33.689925,733.6,Shipped,Credit Card,4858
4458,3091,4459,3091,2025-02-22 17:41:33.709126,1110.32,Pending,Bank Transfer,3325,3092,3437,2024-10-29 17:41:33.700246,164.01,Shipped,Credit Card,9074
4484,2026,4485,2026,2024-08-06 17:41:33.709294,717.33,Pending,PayPal,3860,2027,146,2024-06-16 17:41:33.693524,1254.23,Shipped,Credit Card,5925
4496,5979,4497,5979,2025-01-23 17:41:33.709364,496.83,Pending,Bank Transfer,3123,5980,9563,2024-03-18 17:41:33.718946,1977.21,Shipped,Credit Card,3312
4519,2664,4520,2664,2024-06-22 17:41:33.709507,147.49,Pending,PayPal,9603,2665,3257,2024-12-04 17:41:33.697361,311.49,Shipped,Credit Card,6478
4533,727,4534,727,2025-01-30 17:41:33.709603,1716.34,Pending,Credit Card,243,728,7842,2024-08-14 17:41:33.685620,160.74,Shipped,PayPal,4881
4538,1861,4539,1861,2025-02-13 17:41:33.709631,1025.72,Pending,Credit Card,4122,1862,7989,2024-12-17 17:41:33.692523,352.27,Shipped,Credit Card,1698
4553,110,4554,110,2024-06-02 17:41:33.709730,860.04,Pending,PayPal,2009,111,6395,2024-12-04 17:41:33.681857,1238.52,Shipped,Bank Transfer,7424
4563,1280,4564,1280,2024-11-19 17:41:33.709794,1208.72,Pending,Bank Transfer,6491,1281,5087,2024-07-23 17:41:33.689048,1525.27,Shipped,Credit Card,8695
4564,9139,4565,9139,2024-11-25 17:41:33.709801,114.89,Pending,Bank Transfer,3479,9140,418,2024-12-16 17:41:33.738790,1838.53,Shipped,Credit Card,7181
4577,5187,4578,5187,2024-08-25 17:41:33.709881,1653.43,Pending,Credit Card,505,5188,9361,2024-12-09 17:41:33.713891,800.07,Shipped,PayPal,1145
4581,7594,4582,7594,2025-02-21 17:41:33.709916,323.81,Pending,Bank Transfer,9324,7595,2316,2024-06-16 17:41:33.729187,281.13,Shipped,Bank Transfer,4900
4602,2802,4603,2802,2024-03-19 17:41:33.710049,1137.06,Pending,Credit Card,1445,2803,5516,2024-08-05 17:41:33.698310,534.82,Shipped,PayPal,4850
4637,4647,4638,4647,2024-12-13 17:41:33.710285,740.21,Pending,PayPal,4526,4648,6908,2024-07-29 17:41:33.710362,1921.27,Shipped,PayPal,9205
4640,1931,4641,1931,2024-05-02 17:41:33.710303,1216.93,Pending,Bank Transfer,9591,1932,9882,2025-02-06 17:41:33.692939,1013.56,Shipped,PayPal,1614
4676,6487,4677,6487,2024-02-29 17:41:33.710543,492.08,Pending,Bank Transfer,2429,6488,6016,2024-10-26 17:41:33.722049,1659.21,Shipped,Credit Card,852
4685,9063,4686,9063,2024-05-01 17:41:33.710594,1007.34,Pending,PayPal,8946,9064,9209,2024-11-09 17:41:33.738348,775.25,Shipped,Credit Card,4104
4705,2395,4706,2395,2025-01-13 17:41:33.710720,1357.22,Pending,PayPal,3301,2396,6044,2024-04-09 17:41:33.695743,1199.56,Shipped,Credit Card,3341
4728,9482,4729,9482,2024-03-18 17:41:33.710873,1937.24,Pending,Credit Card,5509,9483,9898,2024-03-18 17:41:33.740847,396.79,Shipped,PayPal,2285
4729,324,4730,324,2024-11-26 17:41:33.710878,48.13,Pending,PayPal,5520,325,657,2024-04-28 17:41:33.683157,1633.95,Shipped,Bank Transfer,8510
4730,9119,4731,9119,2024-06-30 17:41:33.710887,1198.06,Pending,PayPal,2357,9120,5213,2024-12-03 17:41:33.738671,841.29,Shipped,Credit Card,8942
4735,9167,4736,9167,2024-08-27 17:41:33.710921,446.15,Pending,Credit Card,3116,9168,5069,2024-03-30 17:41:33.738958,1597.27,Shipped,PayPal,3135
4742,9998,4743,9998,2024-07-30 17:41:33.710959,230.71,Pending,Bank Transfer,8213,9999,7381,2024-03-22 17:41:33.743883,696.54,Shipped,Bank Transfer,8791
4744,3131,4745,3131,2024-04-07 17:41:33.710970,1511.33,Pending,PayPal,3253,3132,2688,2024-11-05 17:41:33.700518,839.65,Shipped,Credit Card,7317
4769,8536,4770,8536,2025-01-11 17:41:33.711206,787.62,Pending,Credit Card,6138,8537,9378,2024-06-23 17:41:33.734972,286.12,Shipped,Bank Transfer,4644
4774,9730,4775,9730,2024-07-31 17:41:33.711252,20.21,Pending,PayPal,7693,9731,3468,2025-02-02 17:41:33.742322,1398.86,Shipped,Bank Transfer,1182
4827,6794,4828,6794,2024-06-29 17:41:33.711583,1656.59,Pending,PayPal,3951,6795,8158,2024-05-14 17:41:33.724005,409.16,Shipped,Bank Transfer,718
4839,6137,4840,6137,2025-02-03 17:41:33.711663,1053.75,Pending,Credit Card,6254,6138,5243,2024-09-23 17:41:33.719974,1163.33,Shipped,PayPal,3436
4847,5253,4848,5253,2024-12-28 17:41:33.711721,92.92,Pending,Credit Card,1671,5254,4122,2024-11-10 17:41:33.714304,1238.54,Shipped,Credit Card,4805
4854,962,4855,962,2024-07-05 17:41:33.711759,1802.39,Pending,Bank Transfer,6553,963,4412,2024-11-13 17:41:33.687055,961.8,Shipped,Credit Card,1238
4862,7245,4863,7245,2024-10-13 17:41:33.711803,1783.6,Pending,Credit Card,6909,7246,9354,2024-12-20 17:41:33.726820,663.08,Shipped,Bank Transfer,4301
4865,7495,4866,7495,2025-01-03 17:41:33.711829,1693.09,Pending,Credit Card,6306,7496,3541,2024-04-08 17:41:33.728596,334.33,Shipped,PayPal,3353
4881,642,4882,642,2024-06-09 17:41:33.711933,482.39,Pending,Credit Card,2546,643,733,2024-08-21 17:41:33.685105,117.91,Shipped,Bank Transfer,8763
4885,2882,4886,2882,2024-11-22 17:41:33.711956,488.84,Pending,Bank Transfer,8400,2883,2778,2024-12-23 17:41:33.698809,956.65,Shipped,Bank Transfer,4296
4920,3852,4921,3852,2024-03-03 17:41:33.712176,53.89,Pending,PayPal,4796,3853,7039,2024-12-21 17:41:33.705270,1167.24,Shipped,PayPal,2442
4945,5765,4946,5765,2024-03-28 17:41:33.712331,1513.22,Pending,PayPal,1368,5766,2358,2025-02-20 17:41:33.717576,913.2,Shipped,PayPal,8287
4948,4974,4949,4974,2024-11-30 17:41:33.712357,1598.3,Pending,Bank Transfer,9209,4975,2840,2024-09-29 17:41:33.712524,818.59,Shipped,PayPal,6620
4975,5918,4976,5918,2024-03-07 17:41:33.712534,242.48,Pending,Credit Card,8997,5919,4457,2024-04-12 17:41:33.718574,1568.88,Shipped,PayPal,4059
5027,8690,5028,8690,2024-06-07 17:41:33.712856,345.73,Pending,Bank Transfer,4062,8691,7042,2024-12-10 17:41:33.736124,1912.84,Shipped,PayPal,2186
5036,8872,5037,8872,2024-07-06 17:41:33.712916,390.32,Pending,PayPal,5951,8873,1441,2024-05-25 17:41:33.737210,1436.36,Shipped,Credit Card,9789
5047,9669,5048,9669,2025-01-09 17:41:33.712993,1260.91,Pending,Credit Card,447,9670,6,2024-04-15 17:41:33.741972,381.6,Shipped,PayPal,4063
5048,7366,5049,7366,2025-01-20 17:41:33.712999,1863.37,Pending,Credit Card,7161,7367,5375,2024-09-01 17:41:33.727753,762.96,Shipped,PayPal,9770
5055,9899,5056,9899,2024-07-28 17:41:33.713037,732.95,Pending,PayPal,5424,9900,96,2024-09-01 17:41:33.743317,1839.97,Shipped,Bank Transfer,7878
5074,1849,5075,1849,2024-04-30 17:41:33.713179,1207.76,Pending,Credit Card,4805,1850,191,2025-01-12 17:41:33.692458,1834.6,Shipped,PayPal,1262
5107,1501,5108,1501,2024-10-11 17:41:33.713374,1982.28,Pending,PayPal,3184,1502,5953,2024-08-17 17:41:33.690349,823.96,Shipped,Credit Card,8968
5131,8101,5132,8101,2024-03-11 17:41:33.713538,309.22,Pending,Credit Card,4054,8102,8494,2024-09-10 17:41:33.732294,1546.37,Shipped,PayPal,9227
5138,6580,5139,6580,2024-06-19 17:41:33.713576,132.35,Pending,Credit Card,2011,6581,3751,2024-11-23 17:41:33.722671,1834.79,Shipped,PayPal,192
5154,8103,5155,8103,2024-03-13 17:41:33.713678,1078.91,Pending,Bank Transfer,4524,8104,2174,2024-03-28 17:41:33.732305,764.84,Shipped,PayPal,294
5169,799,5170,799,2024-08-31 17:41:33.713773,1141.32,Pending,PayPal,7756,800,167,2024-06-29 17:41:33.686031,515.8,Shipped,Credit Card,2375
5180,4322,5181,4322,2024-07-30 17:41:33.713840,765.06,Pending,Bank Transfer,5121,4323,7289,2024-03-14 17:41:33.708275,1036.14,Shipped,Bank Transfer,1262
5182,4057,5183,4057,2024-03-23 17:41:33.713859,864.79,Pending,Credit Card,6319,4058,7803,2024-09-16 17:41:33.706577,590.74,Shipped,Credit Card,4621
5213,6268,5214,6268,2024-05-23 17:41:33.714057,249.08,Pending,Credit Card,5500,6269,2850,2024-12-25 17:41:33.720765,689.57,Shipped,Bank Transfer,3238
5214,936,5215,936,2024-09-07 17:41:33.714063,30.9,Pending,Bank Transfer,3428,937,1035,2024-07-04 17:41:33.686892,229.67,Shipped,PayPal,3718
5230,1098,5231,1098,2024-11-01 17:41:33.714165,351.03,Pending,PayPal,2853,1099,3017,2024-09-25 17:41:33.687901,1432.22,Shipped,PayPal,9130
5233,6674,5234,6674,2025-01-08 17:41:33.714181,1947.94,Pending,Bank Transfer,6140,6675,8094,2024-11-08 17:41:33.723304,1120.78,Shipped,Bank Transfer,9890
5252,1098,5253,1098,2024-04-11 17:41:33.714299,1108.07,Pending,Bank Transfer,239,1099,3017,2024-09-25 17:41:33.687901,1432.22,Shipped,PayPal,9130
5282,7856,5283,7856,2024-09-08 17:41:33.714479,533.93,Pending,Bank Transfer,3562,7857,4210,2024-06-24 17:41:33.730757,1200.85,Shipped,Bank Transfer,415
5293,2998,5294,2998,2024-05-26 17:41:33.714546,1798.68,Pending,PayPal,4181,2999,1254,2025-01-29 17:41:33.699630,290.03,Shipped,Bank Transfer,8914
5311,9200,5312,9200,2024-10-24 17:41:33.714663,1939.61,Pending,Bank Transfer,9757,9201,4302,2025-01-11 17:41:33.739168,220.65,Shipped,PayPal,2711
5321,9126,5322,9126,2024-10-11 17:41:33.714729,1844.82,Pending,Bank Transfer,2961,9127,1858,2024-12-09 17:41:33.738709,368.92,Shipped,Credit Card,4042
5338,1837,5339,1837,2024-07-19 17:41:33.714827,1852.51,Pending,Bank Transfer,5960,1838,7315,2024-05-20 17:41:33.692392,80.57,Shipped,PayPal,6747
5362,9739,5363,9739,2024-06-08 17:41:33.714985,1829.94,Pending,Credit Card,4668,9740,1418,2024-09-09 17:41:33.742375,911.93,Shipped,Credit Card,6138
5383,9619,5384,9619,2024-08-13 17:41:33.715111,1038.27,Pending,Bank Transfer,3650,9620,834,2024-09-09 17:41:33.741684,1687.35,Shipped,Bank Transfer,2971
5399,6051,5400,6051,2024-11-05 17:41:33.715265,662.71,Pending,Bank Transfer,581,6052,7847,2024-03-17 17:41:33.719457,798.26,Shipped,Bank Transfer,5224
5416,8728,5417,8728,2024-06-25 17:41:33.715390,338.51,Pending,Bank Transfer,3638,8729,8274,2024-12-06 17:41:33.736367,769.86,Shipped,PayPal,9956
5428,2818,5429,2818,2025-02-01 17:41:33.715455,904.02,Pending,PayPal,3145,2819,7531,2024-10-10 17:41:33.698410,1795.14,Shipped,Bank Transfer,2778
5435,8312,5436,8312,2024-05-13 17:41:33.715494,792.2,Pending,Bank Transfer,47,8313,4190,2024-06-29 17:41:33.733572,1227.49,Shipped,Bank Transfer,6996
5442,8574,5443,8574,2024-03-09 17:41:33.715549,634.59,Pending,PayPal,6253,8575,3564,2024-07-02 17:41:33.735383,141.24,Shipped,Bank Transfer,8938
5450,8118,5451,8118,2024-04-07 17:41:33.715604,372.46,Pending,PayPal,4259,8119,7179,2024-08-07 17:41:33.732408,242.34,Shipped,Bank Transfer,1601
5453,6294,5454,6294,2024-11-09 17:41:33.715620,1993.51,Pending,PayPal,2160,6295,8722,2025-02-17 17:41:33.720931,426.81,Shipped,PayPal,5998
5460,5843,5461,5843,2025-02-08 17:41:33.715671,701.0,Pending,Bank Transfer,6120,5844,5519,2024-10-10 17:41:33.718081,1079.05,Shipped,PayPal,4285
5463,3438,5464,3438,2024-09-02 17:41:33.715691,1122.37,Pending,Bank Transfer,6095,3439,5895,2024-08-17 17:41:33.702518,902.45,Shipped,Credit Card,2715
5492,8699,5493,8699,2025-02-18 17:41:33.715864,1122.7,Pending,PayPal,7861,8700,334,2024-12-22 17:41:33.736173,636.98,Shipped,PayPal,5365
5508,7780,5509,7780,2024-09-25 17:41:33.715969,1621.96,Pending,Credit Card,4798,7781,2738,2024-04-09 17:41:33.730271,997.0,Shipped,Bank Transfer,7156
5538,851,5539,851,2024-09-24 17:41:33.716162,1418.46,Pending,Credit Card,369,852,3773,2025-02-13 17:41:33.686350,1441.06,Shipped,Bank Transfer,2748
5546,316,5547,316,2025-02-23 17:41:33.716205,1797.9,Pending,Bank Transfer,8940,317,3146,2024-09-02 17:41:33.683091,194.76,Shipped,PayPal,7156
5569,957,5570,957,2024-06-30 17:41:33.716330,55.23,Pending,Credit Card,390,958,8788,2025-01-21 17:41:33.687027,967.95,Shipped,PayPal,8510
5575,1254,5576,1254,2024-09-22 17:41:33.716378,954.45,Pending,Bank Transfer,2861,1255,9470,2024-08-29 17:41:33.688887,891.29,Shipped,PayPal,5292
5579,4916,5580,4916,2025-02-22 17:41:33.716411,1126.87,Pending,Bank Transfer,6912,4917,1853,2024-05-10 17:41:33.712154,1875.18,Shipped,PayPal,8633
5582,2043,5583,2043,2024-03-28 17:41:33.716428,1924.92,Pending,PayPal,6751,2044,2542,2024-04-09 17:41:33.693628,1627.42,Shipped,Bank Transfer,3636
5605,2314,5606,2314,2024-12-06 17:41:33.716552,435.32,Pending,Credit Card,7752,2315,8055,2024-06-19 17:41:33.695252,1518.02,Shipped,Bank Transfer,812
5614,1956,5615,1956,2024-10-05 17:41:33.716616,1852.33,Pending,PayPal,8965,1957,7847,2024-08-22 17:41:33.693091,1009.34,Shipped,Credit Card,6909
5667,8959,5668,8959,2025-01-25 17:41:33.716946,856.54,Pending,PayPal,842,8960,592,2024-04-15 17:41:33.737713,1370.28,Shipped,PayPal,9975
5695,4882,5696,4882,2024-03-18 17:41:33.717134,885.95,Pending,Bank Transfer,6097,4883,8132,2024-07-05 17:41:33.711939,1638.63,Shipped,PayPal,2885
5705,3294,5706,3294,2024-05-17 17:41:33.717189,449.8,Pending,PayPal,6843,3295,2284,2024-06-13 17:41:33.701610,1099.59,Shipped,PayPal,2954
5714,3318,5715,3318,2024-10-10 17:41:33.717248,674.42,Pending,Bank Transfer,3939,3319,4083,2024-06-21 17:41:33.701774,1617.64,Shipped,PayPal,4160
5722,3761,5723,3761,2024-05-28 17:41:33.717292,883.87,Pending,PayPal,4049,3762,5023,2024-04-02 17:41:33.704690,805.77,Shipped,Bank Transfer,6986
5748,7099,5749,7099,2024-03-16 17:41:33.717448,1430.51,Pending,Credit Card,5906,7100,8532,2024-09-06 17:41:33.725929,781.39,Shipped,Bank Transfer,5024
5750,9228,5751,9228,2025-01-29 17:41:33.717467,724.44,Pending,PayPal,7147,9229,8989,2024-11-29 17:41:33.739352,1700.28,Shipped,Credit Card,8534
5753,6674,5754,6674,2024-06-30 17:41:33.717494,472.98,Pending,Bank Transfer,9764,6675,8094,2024-11-08 17:41:33.723304,1120.78,Shipped,Bank Transfer,9890
5759,3328,5760,3328,2024-08-30 17:41:33.717543,32.18,Pending,Bank Transfer,3041,3329,9122,2024-08-08 17:41:33.701829,787.35,Shipped,PayPal,4456
5772,812,5773,812,2025-01-01 17:41:33.717614,1146.8,Pending,Bank Transfer,4197,813,3562,2024-07-26 17:41:33.686133,144.88,Shipped,Bank Transfer,8445
5807,2984,5808,2984,2024-03-29 17:41:33.717859,923.02,Pending,Credit Card,4177,2985,4414,2024-12-30 17:41:33.699536,1097.55,Shipped,PayPal,9331
5815,5992,5816,5992,2024-09-13 17:41:33.717924,633.99,Pending,Credit Card,655,5993,2207,2024-10-15 17:41:33.719035,1696.25,Shipped,Bank Transfer,2274
5832,1767,5833,1767,2024-07-23 17:41:33.718021,43.3,Pending,Credit Card,2252,1768,1164,2024-04-21 17:41:33.691952,867.57,Shipped,Credit Card,7548
5841,4002,5842,4002,2024-11-02 17:41:33.718070,138.66,Pending,PayPal,9529,4003,694,2024-09-13 17:41:33.706208,207.71,Shipped,PayPal,9187
5847,7264,5848,7264,2024-05-30 17:41:33.718102,1013.29,Pending,Credit Card,1099,7265,8773,2024-10-04 17:41:33.726939,409.52,Shipped,PayPal,8194
5853,3286,5854,3286,2024-11-15 17:41:33.718136,1955.58,Pending,Credit Card,6922,3287,1269,2024-10-08 17:41:33.701556,665.67,Shipped,Bank Transfer,1571
5889,5526,5890,5526,2025-02-11 17:41:33.718396,1972.7,Pending,Credit Card,7158,5527,3884,2025-01-27 17:41:33.716085,1534.07,Shipped,PayPal,1074
5927,5866,5928,5866,2024-07-16 17:41:33.718623,1788.22,Pending,Bank Transfer,3750,5867,5777,2024-05-13 17:41:33.718223,1888.66,Shipped,Bank Transfer,2763
5961,9150,5962,9150,2024-05-15 17:41:33.718831,1554.89,Pending,Bank Transfer,3344,9151,710,2024-08-25 17:41:33.738850,453.22,Shipped,Bank Transfer,814
5982,42,5983,42,2024-04-04 17:41:33.718967,555.02,Pending,Bank Transfer,5821,43,6946,2024-03-01 17:41:33.681446,1897.73,Shipped,PayPal,4398
5988,3319,5989,3319,2025-01-07 17:41:33.719013,1200.42,Pending,Credit Card,4595,3320,6459,2024-10-28 17:41:33.701780,406.93,Shipped,PayPal,4168
6041,2242,6042,2242,2024-11-17 17:41:33.719403,1538.55,Pending,PayPal,7779,2243,6390,2025-01-09 17:41:33.694811,375.63,Shipped,PayPal,5040
6058,1812,6059,1812,2024-07-03 17:41:33.719495,1615.26,Pending,Bank Transfer,6116,1813,3668,2024-03-19 17:41:33.692236,1896.15,Shipped,PayPal,5247
6072,4451,6073,4451,2024-08-31 17:41:33.719571,976.34,Pending,PayPal,6416,4452,3427,2025-02-13 17:41:33.709088,1949.29,Shipped,PayPal,6411
6075,1532,6076,1532,2025-02-14 17:41:33.719598,1467.13,Pending,PayPal,3056,1533,127,2024-10-17 17:41:33.690534,1747.52,Shipped,Credit Card,8969
6104,9285,6105,9285,2024-11-25 17:41:33.719774,1756.2,Pending,Credit Card,2694,9286,6290,2024-11-16 17:41:33.739678,1646.48,Shipped,PayPal,7434
6120,9001,6121,9001,2024-11-21 17:41:33.719873,1967.31,Pending,PayPal,7669,9002,5814,2024-05-13 17:41:33.737985,1173.89,Shipped,PayPal,354
6197,2910,6198,2910,2024-04-12 17:41:33.720326,1792.15,Pending,Credit Card,6675,2911,8097,2024-05-10 17:41:33.698980,1282.01,Shipped,Credit Card,7890
6198,7910,6199,7910,2024-11-01 17:41:33.720331,924.52,Pending,Credit Card,477,7911,5219,2024-03-13 17:41:33.731086,602.31,Shipped,Bank Transfer,2212
6214,4039,6215,4039,2024-09-26 17:41:33.720433,34.2,Pending,Bank Transfer,2942,4040,3982,2024-07-29 17:41:33.706454,1699.77,Shipped,Bank Transfer,5642
6218,7186,6219,7186,2024-11-29 17:41:33.720465,1113.07,Pending,Bank Transfer,3550,7187,385,2024-11-10 17:41:33.726455,293.58,Shipped,Bank Transfer,704
6227,7509,6228,7509,2024-10-04 17:41:33.720515,1320.6,Pending,Bank Transfer,532,7510,6635,2024-09-16 17:41:33.728683,1306.1,Shipped,PayPal,7787
6249,8114,6250,8114,2024-08-06 17:41:33.720661,1127.98,Pending,Credit Card,5082,8115,6342,2024-03-05 17:41:33.732372,420.13,Shipped,Bank Transfer,8072
6251,1589,6252,1589,2024-12-30 17:41:33.720672,264.19,Pending,PayPal,1947,1590,9032,2025-01-25 17:41:33.690847,1749.41,Shipped,Credit Card,6309
6275,3749,6276,3749,2025-02-16 17:41:33.720803,1802.16,Pending,Credit Card,942,3750,1664,2024-12-11 17:41:33.704609,592.92,Shipped,Bank Transfer,2441
6282,5062,6283,5062,2024-04-25 17:41:33.720842,1564.84,Pending,PayPal,8038,5063,6644,2024-11-12 17:41:33.713086,571.49,Shipped,PayPal,7127
6287,740,6288,740,2024-05-09 17:41:33.720876,1118.2,Pending,Credit Card,4854,741,2062,2024-10-22 17:41:33.685691,1535.29,Shipped,PayPal,509
6290,7907,6291,7907,2024-09-20 17:41:33.720903,599.36,Pending,Bank Transfer,1290,7908,3829,2024-12-19 17:41:33.731070,293.0,Shipped,Credit Card,8285
6296,381,6297,381,2024-12-26 17:41:33.720942,1035.01,Pending,Bank Transfer,5823,382,4449,2025-02-24 17:41:33.683536,1000.8,Shipped,PayPal,790
6321,4413,6322,4413,2024-03-07 17:41:33.721097,1926.61,Pending,PayPal,1600,4414,4164,2024-06-26 17:41:33.708854,613.62,Shipped,PayPal,2820
6340,7361,6341,7361,2024-05-07 17:41:33.721217,270.57,Pending,Credit Card,5273,7362,6338,2024-09-23 17:41:33.727726,205.87,Shipped,Credit Card,1365
6360,3908,6361,3908,2025-02-07 17:41:33.721326,1734.26,Pending,PayPal,7757,3909,6189,2024-10-16 17:41:33.705629,495.92,Shipped,Bank Transfer,5859
6364,2934,6365,2934,2024-05-26 17:41:33.721348,1284.91,Pending,Credit Card,3766,2935,452,2024-10-13 17:41:33.699184,1382.11,Shipped,Credit Card,7218
6372,9982,6373,9982,2024-03-18 17:41:33.721391,1983.16,Pending,PayPal,8773,9983,715,2024-03-22 17:41:33.743781,1241.94,Shipped,PayPal,9587
6377,8819,6378,8819,2024-11-08 17:41:33.721418,1431.84,Pending,Credit Card,4959,8820,6523,2024-08-10 17:41:33.736902,977.12,Shipped,Bank Transfer,5568
6394,4555,6395,4555,2025-01-15 17:41:33.721532,1214.76,Pending,Bank Transfer,6988,4556,9961,2024-09-09 17:41:33.709749,38.79,Shipped,Credit Card,1589
6492,9228,6493,9228,2024-04-01 17:41:33.722081,450.92,Pending,PayPal,7609,9229,8989,2024-11-29 17:41:33.739352,1700.28,Shipped,Credit Card,8534
6540,1408,6541,1408,2024-07-20 17:41:33.722408,219.16,Pending,Bank Transfer,1796,1409,3639,2024-06-22 17:41:33.689778,1838.58,Shipped,Credit Card,7942
6557,74,6558,74,2024-03-11 17:41:33.722504,524.08,Pending,Bank Transfer,4952,75,3633,2025-02-06 17:41:33.681637,909.69,Shipped,Credit Card,1883
6563,4238,6564,4238,2024-06-16 17:41:33.722552,950.48,Pending,PayPal,8093,4239,6009,2024-09-15 17:41:33.707745,1757.27,Shipped,Bank Transfer,8562
6616,9050,6617,9050,2024-10-23 17:41:33.722890,1690.07,Pending,PayPal,9528,9051,7534,2025-01-19 17:41:33.738277,1494.67,Shipped,Credit Card,5144
6617,4572,6618,4572,2024-07-01 17:41:33.722896,1150.94,Pending,PayPal,8682,4573,9931,2025-02-25 17:41:33.709853,1484.09,Shipped,Credit Card,6980
6624,8490,6625,8490,2024-05-06 17:41:33.722934,192.24,Pending,PayPal,5730,8491,6583,2024-06-19 17:41:33.734706,1221.26,Shipped,Bank Transfer,4345
6626,6166,6627,6166,2024-11-17 17:41:33.722945,968.69,Pending,PayPal,915,6167,1239,2024-08-13 17:41:33.720157,1755.94,Shipped,PayPal,2130
6645,7167,6646,7167,2024-05-13 17:41:33.723053,1122.71,Pending,Credit Card,8905,7168,6809,2024-12-10 17:41:33.726350,1496.83,Shipped,PayPal,8706
6652,8538,6653,8538,2024-12-01 17:41:33.723102,396.57,Pending,PayPal,5899,8539,6384,2024-05-18 17:41:33.734992,1072.96,Shipped,PayPal,3462
6653,2308,6654,2308,2025-02-12 17:41:33.723107,240.67,Pending,PayPal,1723,2309,8153,2024-10-27 17:41:33.695219,155.7,Shipped,Credit Card,3773
6673,2829,6674,2829,2024-04-16 17:41:33.723294,1766.55,Pending,Credit Card,6002,2830,7878,2024-06-23 17:41:33.698470,1065.2,Shipped,PayPal,6839
6682,1674,6683,1674,2024-12-12 17:41:33.723371,317.82,Pending,PayPal,8965,1675,2879,2024-07-15 17:41:33.691409,1285.38,Shipped,PayPal,8984
6687,122,6688,122,2024-09-20 17:41:33.723398,106.04,Pending,Credit Card,6820,123,7996,2025-01-26 17:41:33.681923,179.71,Shipped,Bank Transfer,4780
6720,2069,6721,2069,2024-10-22 17:41:33.723578,1757.19,Pending,Credit Card,6785,2070,6848,2025-02-16 17:41:33.693787,638.86,Shipped,PayPal,5932
6741,9733,6742,9733,2024-05-08 17:41:33.723718,549.0,Pending,Credit Card,6563,9734,9858,2024-03-09 17:41:33.742338,1680.2,Shipped,Credit Card,1923
6785,1049,6786,1049,2024-09-01 17:41:33.723957,1681.2,Pending,Bank Transfer,4266,1050,8040,2024-04-08 17:41:33.687574,1844.54,Shipped,Bank Transfer,2405
6791,3273,6792,3273,2024-12-31 17:41:33.723989,172.54,Pending,PayPal,2947,3274,1811,2024-10-25 17:41:33.701485,1493.31,Shipped,Bank Transfer,861
6803,4614,6804,4614,2024-07-26 17:41:33.724054,1947.12,Pending,Credit Card,1146,4615,3954,2024-12-10 17:41:33.710129,850.78,Shipped,PayPal,9073
6806,957,6807,957,2025-02-09 17:41:33.724070,1570.51,Pending,Bank Transfer,1502,958,8788,2025-01-21 17:41:33.687027,967.95,Shipped,PayPal,8510
6808,548,6809,548,2025-01-18 17:41:33.724081,368.48,Pending,Bank Transfer,7606,549,6990,2024-12-23 17:41:33.684551,1736.15,Shipped,Bank Transfer,7920
6811,7107,6812,7107,2024-08-16 17:41:33.724100,1314.69,Pending,Credit Card,3973,7108,6505,2024-03-26 17:41:33.725986,82.74,Shipped,Credit Card,874
6856,832,6857,832,2024-11-16 17:41:33.724400,1472.0,Pending,Credit Card,9493,833,4063,2024-07-01 17:41:33.686244,1766.22,Shipped,Credit Card,3390
6866,1887,6867,1887,2024-12-08 17:41:33.724466,1403.78,Pending,Bank Transfer,6553,1888,4733,2024-08-18 17:41:33.692689,779.16,Shipped,PayPal,6477
6880,8924,6881,8924,2025-02-02 17:41:33.724543,1266.23,Pending,Credit Card,5059,8925,6195,2025-02-01 17:41:33.737511,1224.38,Shipped,Bank Transfer,5988
6899,6679,6900,6679,2024-11-17 17:41:33.724646,1758.15,Pending,Credit Card,7109,6680,3744,2024-12-27 17:41:33.723350,33.58,Shipped,Credit Card,4431
6919,732,6920,732,2025-01-23 17:41:33.724781,1302.55,Pending,Credit Card,112,733,4285,2024-05-06 17:41:33.685647,1003.91,Shipped,PayPal,4880
6939,4930,6940,4930,2025-01-31 17:41:33.724892,211.35,Pending,PayPal,6070,4931,6892,2024-05-28 17:41:33.712230,674.82,Shipped,Bank Transfer,5310
6960,654,6961,654,2024-12-12 17:41:33.725037,245.51,Pending,PayPal,8982,655,1635,2024-09-01 17:41:33.685173,1248.71,Shipped,Bank Transfer,2171
6988,9288,6989,9288,2024-10-29 17:41:33.725196,1359.57,Pending,Credit Card,7110,9289,4588,2024-09-08 17:41:33.739695,983.09,Shipped,PayPal,787
6990,5467,6991,5467,2024-12-27 17:41:33.725212,1612.42,Pending,PayPal,5812,5468,1087,2025-02-09 17:41:33.715713,1735.13,Shipped,PayPal,213
6998,1931,6999,1931,2024-05-05 17:41:33.725272,1430.18,Pending,PayPal,2203,1932,9882,2025-02-06 17:41:33.692939,1013.56,Shipped,PayPal,1614
7010,8551,7011,8551,2024-10-03 17:41:33.725338,1449.66,Pending,Bank Transfer,7317,8552,8293,2024-10-28 17:41:33.735067,920.59,Shipped,Bank Transfer,2210
7017,9597,7018,9597,2024-03-08 17:41:33.725403,344.2,Pending,Credit Card,3550,9598,6502,2024-08-11 17:41:33.741552,1493.32,Shipped,Credit Card,506
7044,4929,7045,4929,2024-08-16 17:41:33.725589,1911.66,Pending,Bank Transfer,7736,4930,5237,2024-05-25 17:41:33.712225,1772.95,Shipped,Credit Card,4870
7054,7097,7055,7097,2024-09-01 17:41:33.725644,478.61,Pending,Credit Card,2588,7098,9956,2024-07-31 17:41:33.725918,952.09,Shipped,Bank Transfer,7933
7081,133,7082,133,2024-04-06 17:41:33.725808,1466.65,Pending,Bank Transfer,1996,134,6334,2024-12-12 17:41:33.681985,818.99,Shipped,Credit Card,973
7087,4333,7088,4333,2024-10-18 17:41:33.725847,1062.47,Pending,Bank Transfer,4304,4334,7534,2024-03-16 17:41:33.708336,1850.6,Shipped,Bank Transfer,272
7089,7738,7090,7738,2024-07-01 17:41:33.725864,1221.36,Pending,Bank Transfer,266,7739,2110,2024-08-30 17:41:33.730029,1426.0,Shipped,Bank Transfer,3625
7103,2,7104,2,2024-04-25 17:41:33.725951,1496.76,Pending,Credit Card,7295,3,3268,2024-07-29 17:41:33.681176,1017.44,Shipped,Bank Transfer,3463
7109,1931,7110,1931,2024-12-05 17:41:33.726005,1288.96,Pending,Credit Card,6313,1932,9882,2025-02-06 17:41:33.692939,1013.56,Shipped,PayPal,1614
7115,2203,7116,2203,2024-09-27 17:41:33.726038,328.82,Pending,Bank Transfer,6158,2204,1524,2024-11-23 17:41:33.694596,1574.61,Shipped,Bank Transfer,6148
7131,1157,7132,1157,2024-06-10 17:41:33.726126,422.46,Pending,Credit Card,6146,1158,6501,2025-01-31 17:41:33.688289,1811.28,Shipped,PayPal,6531
7145,4674,7146,4674,2024-08-16 17:41:33.726204,658.62,Pending,Credit Card,4562,4675,9738,2024-03-30 17:41:33.710525,1583.44,Shipped,Bank Transfer,833
7149,6064,7150,6064,2025-01-12 17:41:33.726225,248.17,Pending,PayPal,340,6065,3707,2025-02-15 17:41:33.719527,1463.74,Shipped,Credit Card,8663
7151,9964,7152,9964,2024-05-31 17:41:33.726236,1304.57,Pending,Bank Transfer,151,9965,7213,2024-07-14 17:41:33.743682,1137.14,Shipped,Bank Transfer,9975
7155,4324,7156,4324,2024-05-20 17:41:33.726258,1624.66,Pending,Credit Card,2553,4325,4586,2024-12-25 17:41:33.708286,1868.65,Shipped,PayPal,6234
7208,7628,7209,7628,2024-10-04 17:41:33.726610,1356.06,Pending,PayPal,1629,7629,4572,2024-07-20 17:41:33.729390,502.47,Shipped,PayPal,605
7214,5650,7215,5650,2024-12-18 17:41:33.726644,716.43,Pending,Bank Transfer,1205,5651,6799,2024-03-30 17:41:33.716854,1944.04,Shipped,Bank Transfer,5002
7215,4297,7216,4297,2024-07-13 17:41:33.726649,1379.9,Pending,PayPal,3294,4298,7828,2024-08-07 17:41:33.708115,894.76,Shipped,Bank Transfer,9286
7224,7096,7225,7096,2025-01-18 17:41:33.726699,1171.15,Pending,Credit Card,8100,7097,179,2024-07-09 17:41:33.725913,1249.88,Shipped,Bank Transfer,4969
7267,2157,7268,2157,2024-06-25 17:41:33.726965,847.7,Pending,Bank Transfer,5940,2158,625,2024-06-23 17:41:33.694310,1486.0,Shipped,Bank Transfer,4415
7288,415,7289,415,2024-09-30 17:41:33.727102,1209.71,Pending,Bank Transfer,6800,416,5006,2024-09-19 17:41:33.683753,714.32,Shipped,PayPal,1413
7329,2594,7330,2594,2024-06-25 17:41:33.727471,1359.02,Pending,Credit Card,2733,2595,9827,2024-10-16 17:41:33.696920,1583.17,Shipped,PayPal,568
7341,6648,7342,6648,2024-11-09 17:41:33.727566,1180.91,Pending,Bank Transfer,657,6649,5276,2024-03-30 17:41:33.723080,317.1,Shipped,Bank Transfer,4780
7352,8286,7353,8286,2024-06-19 17:41:33.727647,143.55,Pending,Bank Transfer,6874,8287,4118,2024-08-11 17:41:33.733403,961.15,Shipped,PayPal,1482
7364,8233,7365,8233,2024-09-12 17:41:33.727742,85.38,Pending,Bank Transfer,6563,8234,1137,2024-03-04 17:41:33.733113,643.22,Shipped,PayPal,7772
7365,2895,7366,2895,2024-10-19 17:41:33.727748,1477.61,Pending,PayPal,6284,2896,2165,2024-10-01 17:41:33.698891,415.29,Shipped,Bank Transfer,1512
7385,151,7386,151,2024-03-13 17:41:33.727858,727.95,Pending,Credit Card,5960,152,5695,2024-12-25 17:41:33.682120,764.74,Shipped,Bank Transfer,8293
7393,4119,7394,4119,2025-02-22 17:41:33.727919,1004.39,Pending,Credit Card,262,4120,6530,2024-04-11 17:41:33.706954,859.32,Shipped,Credit Card,5283
7424,233,7425,233,2024-11-24 17:41:33.728170,528.73,Pending,PayPal,1626,234,3325,2024-09-07 17:41:33.682613,420.41,Shipped,Bank Transfer,2857
7427,7998,7428,7998,2024-04-04 17:41:33.728190,339.3,Pending,Bank Transfer,4337,7999,7011,2024-12-29 17:41:33.731677,399.77,Shipped,PayPal,2195
7476,6137,7477,6137,2024-03-04 17:41:33.728493,516.89,Pending,Credit Card,7443,6138,5243,2024-09-23 17:41:33.719974,1163.33,Shipped,PayPal,3436
7500,7276,7501,7276,2024-07-25 17:41:33.728624,1033.38,Pending,PayPal,8707,7277,3851,2024-04-11 17:41:33.727019,1197.48,Shipped,Bank Transfer,2691
7528,6050,7529,6050,2024-06-29 17:41:33.728815,604.55,Pending,Bank Transfer,1585,6051,3637,2024-03-17 17:41:33.719452,1623.3,Shipped,Bank Transfer,4367
7529,2270,7530,2270,2024-09-06 17:41:33.728821,624.73,Pending,PayPal,4269,2271,366,2024-08-05 17:41:33.694976,1333.02,Shipped,PayPal,5824
7548,1099,7549,1099,2024-11-27 17:41:33.728923,225.94,Pending,PayPal,8552,1100,9219,2024-10-31 17:41:33.687910,1637.54,Shipped,PayPal,2633
7552,5880,7553,5880,2025-02-26 17:41:33.728945,1507.51,Pending,Credit Card,2902,5881,3376,2024-04-10 17:41:33.718308,1490.17,Shipped,Bank Transfer,1959
7576,5954,7577,5954,2024-03-22 17:41:33.729075,673.17,Pending,Credit Card,5208,5955,710,2024-08-14 17:41:33.718793,520.44,Shipped,Credit Card,2424
7605,6876,7606,6876,2024-06-02 17:41:33.729264,106.75,Pending,PayPal,7878,6877,7197,2024-05-21 17:41:33.724520,1838.1,Shipped,Bank Transfer,7
7627,5647,7628,5647,2024-07-20 17:41:33.729384,921.15,Pending,Bank Transfer,1298,5648,8690,2024-04-17 17:41:33.716835,143.61,Shipped,Credit Card,7885
7636,7452,7637,7452,2024-11-23 17:41:33.729433,1598.92,Pending,Credit Card,6489,7453,2768,2025-02-09 17:41:33.728327,529.52,Shipped,PayPal,4360
7655,2304,7656,2304,2024-09-11 17:41:33.729547,884.02,Pending,Credit Card,1686,2305,1031,2024-12-29 17:41:33.695198,1166.95,Shipped,PayPal,9446
7669,4409,7670,4409,2024-09-24 17:41:33.729624,1473.84,Pending,Credit Card,6006,4410,4142,2024-03-21 17:41:33.708825,1449.72,Shipped,Bank Transfer,1350
7679,3548,7680,3548,2024-10-30 17:41:33.729678,1645.14,Pending,Bank Transfer,8434,3549,8501,2024-12-03 17:41:33.703269,844.06,Shipped,PayPal,7021
7681,2918,7682,2918,2024-08-12 17:41:33.729689,764.38,Pending,Bank Transfer,1533,2919,3157,2024-10-07 17:41:33.699043,977.08,Shipped,PayPal,1662
7691,2865,7692,2865,2024-10-07 17:41:33.729748,1282.05,Pending,PayPal,643,2866,4756,2024-10-16 17:41:33.698696,1802.56,Shipped,Credit Card,9378
7697,3086,7698,3086,2024-03-06 17:41:33.729790,1425.91,Pending,Bank Transfer,9521,3087,8011,2024-08-20 17:41:33.700218,28.32,Shipped,Credit Card,8340
7699,1013,7700,1013,2024-11-27 17:41:33.729801,1709.56,Pending,Credit Card,2089,1014,3924,2024-08-09 17:41:33.687374,839.96,Shipped,PayPal,9197
7739,1501,7740,1501,2024-04-08 17:41:33.730034,579.97,Pending,Credit Card,994,1502,5953,2024-08-17 17:41:33.690349,823.96,Shipped,Credit Card,8968
7740,3947,7741,3947,2024-04-10 17:41:33.730040,1069.19,Pending,PayPal,8682,3948,4989,2025-02-18 17:41:33.705862,1268.31,Shipped,Bank Transfer,844
7762,7521,7763,7521,2024-07-17 17:41:33.730167,1485.98,Pending,Credit Card,2967,7522,3146,2024-03-14 17:41:33.728777,1548.78,Shipped,Credit Card,7761
7774,8683,7775,8683,2024-10-19 17:41:33.730238,821.54,Pending,Bank Transfer,3843,8684,2769,2024-11-02 17:41:33.736086,528.84,Shipped,Credit Card,5688
7782,965,7783,965,2024-12-06 17:41:33.730282,46.82,Pending,PayPal,6166,966,9253,2024-07-04 17:41:33.687071,277.69,Shipped,Credit Card,7458
7796,3608,7797,3608,2024-03-19 17:41:33.730398,1433.68,Pending,Credit Card,9154,3609,1302,2024-11-09 17:41:33.703662,1992.54,Shipped,PayPal,6450
7809,2600,7810,2600,2024-03-21 17:41:33.730470,1013.67,Pending,PayPal,3538,2601,8093,2024-07-14 17:41:33.696953,115.51,Shipped,Bank Transfer,9678
7833,2910,7834,2910,2024-06-06 17:41:33.730605,1191.81,Pending,Bank Transfer,8702,2911,8097,2024-05-10 17:41:33.698980,1282.01,Shipped,Credit Card,7890
7863,2700,7864,2700,2024-05-30 17:41:33.730795,655.84,Pending,Bank Transfer,9803,2701,3981,2024-08-21 17:41:33.697604,873.03,Shipped,Bank Transfer,3073
7868,5458,7869,5458,2024-03-28 17:41:33.730830,1890.72,Pending,Bank Transfer,6001,5459,5495,2024-10-01 17:41:33.715653,743.06,Shipped,Bank Transfer,7925
7871,6030,7872,6030,2024-04-19 17:41:33.730854,1710.19,Pending,Credit Card,2718,6031,8720,2024-09-30 17:41:33.719331,1424.33,Shipped,PayPal,1564
7893,881,7894,881,2024-10-07 17:41:33.730992,1377.58,Pending,PayPal,9099,882,7501,2025-02-11 17:41:33.686518,1555.45,Shipped,PayPal,8958
7919,8053,7920,8053,2024-12-16 17:41:33.731164,1162.29,Pending,Bank Transfer,4311,8054,3455,2025-01-21 17:41:33.732034,1006.78,Shipped,Bank Transfer,4678
7927,5845,7928,5845,2024-11-08 17:41:33.731224,281.08,Pending,Credit Card,9676,5846,2332,2024-10-07 17:41:33.718091,1054.11,Shipped,PayPal,1864
7941,9119,7942,9119,2025-01-20 17:41:33.731348,857.02,Pending,Bank Transfer,4456,9120,5213,2024-12-03 17:41:33.738671,841.29,Shipped,Credit Card,8942
7957,9166,7958,9166,2024-10-07 17:41:33.731438,1065.3,Pending,Credit Card,182,9167,1165,2024-10-13 17:41:33.738952,394.13,Shipped,PayPal,6437
7973,9649,7974,9649,2024-10-06 17:41:33.731542,438.15,Pending,PayPal,8042,9650,2785,2024-12-19 17:41:33.741856,775.23,Shipped,PayPal,580
7981,3374,7982,3374,2024-11-01 17:41:33.731585,781.79,Pending,Credit Card,2596,3375,6973,2024-11-25 17:41:33.702121,927.97,Shipped,Credit Card,1175
7990,4521,7991,4521,2025-01-07 17:41:33.731633,1046.33,Pending,PayPal,5981,4522,7657,2024-06-11 17:41:33.709517,148.01,Shipped,Credit Card,5258
8003,6047,8004,6047,2025-02-09 17:41:33.731715,1564.93,Pending,Bank Transfer,9093,6048,9644,2024-06-22 17:41:33.719435,1224.83,Shipped,Credit Card,5959
8047,5398,8048,5398,2024-03-21 17:41:33.732002,973.12,Pending,Credit Card,5680,5399,5207,2024-04-24 17:41:33.715256,1425.27,Shipped,Bank Transfer,9790
8049,2022,8050,2022,2025-02-11 17:41:33.732013,1223.71,Pending,Credit Card,3186,2023,5700,2024-10-06 17:41:33.693502,326.51,Shipped,PayPal,1428
8067,7159,8068,7159,2024-09-20 17:41:33.732110,1388.46,Pending,Credit Card,1276,7160,4959,2025-01-06 17:41:33.726290,1466.14,Shipped,Bank Transfer,9591
8069,1993,8070,1993,2024-07-05 17:41:33.732121,93.36,Pending,Credit Card,1447,1994,8459,2025-01-11 17:41:33.693325,1209.11,Shipped,PayPal,7188
8100,2654,8101,2654,2024-06-16 17:41:33.732289,903.89,Pending,Bank Transfer,1044,2655,2178,2024-10-26 17:41:33.697294,190.08,Shipped,Credit Card,894
8107,1346,8108,1346,2025-02-22 17:41:33.732327,795.52,Pending,Credit Card,1390,1347,4473,2024-12-04 17:41:33.689435,86.22,Shipped,Bank Transfer,8418
8109,8046,8110,8046,2024-05-08 17:41:33.732337,681.36,Pending,Credit Card,202,8047,4684,2025-02-26 17:41:33.731997,250.41,Shipped,Credit Card,2893
8122,7291,8123,7291,2025-01-19 17:41:33.732438,210.68,Pending,PayPal,5916,7292,438,2024-04-21 17:41:33.727118,1483.53,Shipped,Credit Card,934
8134,6157,8135,6157,2024-12-18 17:41:33.732503,609.99,Pending,Bank Transfer,8738,6158,4699,2024-11-29 17:41:33.720109,1543.65,Shipped,Bank Transfer,6592
8137,9856,8138,9856,2024-09-23 17:41:33.732520,238.32,Pending,Credit Card,6444,9857,7624,2024-06-13 17:41:33.743044,1360.57,Shipped,Bank Transfer,99
8150,1430,8151,1430,2024-12-16 17:41:33.732605,1125.73,Pending,PayPal,2746,1431,5022,2024-04-18 17:41:33.689931,629.47,Shipped,Bank Transfer,3483
8152,9963,8153,9963,2024-10-01 17:41:33.732616,1220.86,Pending,PayPal,3260,9964,2993,2025-02-17 17:41:33.743677,1860.91,Shipped,Credit Card,5802
8155,3174,8156,3174,2025-02-04 17:41:33.732632,1224.99,Pending,PayPal,2201,3175,5411,2024-09-20 17:41:33.700787,371.87,Shipped,Bank Transfer,4704
8168,5173,8169,5173,2025-01-27 17:41:33.732703,1161.98,Pending,Credit Card,1139,5174,7929,2024-04-11 17:41:33.713797,464.88,Shipped,Bank Transfer,7884
8170,1424,8171,1424,2024-04-24 17:41:33.732714,1548.7,Pending,Bank Transfer,6932,1425,3429,2024-09-11 17:41:33.689885,956.58,Shipped,Credit Card,632
8196,2988,8197,2988,2024-04-29 17:41:33.732881,1785.13,Pending,Bank Transfer,6381,2989,4165,2024-10-16 17:41:33.699559,1421.34,Shipped,Bank Transfer,6137
8244,3674,8245,3674,2024-06-15 17:41:33.733174,247.96,Pending,PayPal,5880,3675,7175,2024-07-24 17:41:33.704135,1968.96,Shipped,PayPal,9677
8259,5640,8260,5640,2024-03-24 17:41:33.733256,479.07,Pending,Bank Transfer,5050,5641,7514,2024-11-14 17:41:33.716785,1929.42,Shipped,Credit Card,6245
8261,4606,8262,4606,2025-02-10 17:41:33.733267,448.53,Pending,PayPal,4704,4607,5466,2024-11-08 17:41:33.710074,1487.72,Shipped,Credit Card,3716
8266,1790,8267,1790,2024-03-17 17:41:33.733294,1529.58,Pending,PayPal,3059,1791,4279,2025-02-07 17:41:33.692102,1901.36,Shipped,Bank Transfer,3675
8327,7688,8328,7688,2024-05-14 17:41:33.733670,1390.37,Pending,Credit Card,2405,7689,8996,2024-11-17 17:41:33.729727,901.65,Shipped,Bank Transfer,4698
8344,8121,8345,8121,2024-03-19 17:41:33.733764,1673.51,Pending,PayPal,7536,8122,7677,2024-11-28 17:41:33.732433,1905.27,Shipped,PayPal,5341
8352,5593,8353,5593,2024-11-26 17:41:33.733808,1988.33,Pending,PayPal,910,5594,9013,2024-10-04 17:41:33.716487,1359.27,Shipped,PayPal,4211
8365,9509,8366,9509,2024-06-09 17:41:33.733890,1476.4,Pending,Credit Card,716,9510,8363,2024-03-24 17:41:33.741006,729.51,Shipped,Bank Transfer,738
8366,87,8367,87,2024-06-14 17:41:33.733899,1237.65,Pending,PayPal,5251,88,7785,2024-06-19 17:41:33.681711,1115.31,Shipped,Credit Card,8453
8389,2675,8390,2675,2024-07-20 17:41:33.734035,1183.03,Pending,Bank Transfer,1665,2676,8498,2024-03-31 17:41:33.697438,428.73,Shipped,Bank Transfer,2509
8417,3420,8418,3420,2024-08-25 17:41:33.734251,1101.97,Pending,PayPal,9897,3421,2692,2025-01-31 17:41:33.702415,255.28,Shipped,Bank Transfer,6839
8418,2577,8419,2577,2024-09-07 17:41:33.734256,1312.28,Pending,PayPal,4029,2578,6603,2024-04-25 17:41:33.696827,897.94,Shipped,PayPal,6705
8445,2597,8446,2597,2024-03-04 17:41:33.734417,1794.57,Pending,PayPal,5552,2598,4528,2025-01-26 17:41:33.696937,1139.97,Shipped,PayPal,2201
8447,3851,8448,3851,2025-01-14 17:41:33.734428,131.57,Pending,Bank Transfer,2558,3852,4984,2024-07-15 17:41:33.705265,488.75,Shipped,Bank Transfer,2427
8482,962,8483,962,2024-07-10 17:41:33.734647,31.08,Pending,PayPal,9738,963,4412,2024-11-13 17:41:33.687055,961.8,Shipped,Credit Card,1238
8498,7625,8499,7625,2024-12-06 17:41:33.734750,1150.28,Pending,Credit Card,935,7626,3968,2024-09-07 17:41:33.729374,1001.82,Shipped,PayPal,5042
8500,7014,8501,7014,2024-07-26 17:41:33.734761,84.03,Pending,PayPal,7874,7015,1561,2024-09-02 17:41:33.725360,303.25,Shipped,Bank Transfer,3361
8502,3855,8503,3855,2024-10-28 17:41:33.734772,651.49,Pending,Credit Card,4586,3856,5165,2024-04-21 17:41:33.705287,1266.2,Shipped,Credit Card,4500
8530,5333,8531,5333,2024-08-06 17:41:33.734926,387.91,Pending,PayPal,5953,5334,90,2024-03-06 17:41:33.714795,1596.3,Shipped,Credit Card,9056
8544,6135,8545,6135,2024-08-30 17:41:33.735029,226.18,Pending,Credit Card,9977,6136,6414,2024-10-07 17:41:33.719956,217.77,Shipped,PayPal,2306
8546,1693,8547,1693,2025-02-10 17:41:33.735039,1404.76,Pending,Credit Card,5004,1694,7814,2024-03-26 17:41:33.691530,899.97,Shipped,PayPal,153
8553,3109,8554,3109,2024-09-17 17:41:33.735078,608.89,Pending,PayPal,2386,3110,7461,2024-03-31 17:41:33.700378,215.81,Shipped,Credit Card,4358
8567,7738,8568,7738,2024-12-31 17:41:33.735345,1207.92,Pending,Bank Transfer,8688,7739,2110,2024-08-30 17:41:33.730029,1426.0,Shipped,Bank Transfer,3625
8576,957,8577,957,2024-03-31 17:41:33.735394,1952.36,Pending,Bank Transfer,7161,958,8788,2025-01-21 17:41:33.687027,967.95,Shipped,PayPal,8510
8590,1977,8591,1977,2025-01-09 17:41:33.735471,1042.44,Pending,Credit Card,9920,1978,2530,2025-01-07 17:41:33.693223,1626.33,Shipped,PayPal,5286
8595,8425,8596,8425,2025-02-09 17:41:33.735500,560.21,Pending,PayPal,1814,8426,452,2024-09-19 17:41:33.734294,892.46,Shipped,PayPal,1538
8619,3750,8620,3750,2024-06-29 17:41:33.735657,262.96,Pending,Credit Card,856,3751,5729,2024-04-15 17:41:33.704614,57.69,Shipped,Bank Transfer,5243
8635,5528,8636,5528,2024-10-16 17:41:33.735771,446.53,Pending,PayPal,4366,5529,4564,2024-05-23 17:41:33.716096,1243.74,Shipped,PayPal,4536
8637,4463,8638,4463,2024-09-19 17:41:33.735788,463.5,Pending,Credit Card,5744,4464,3662,2024-05-12 17:41:33.709154,1891.02,Shipped,Credit Card,6861
8661,9010,8662,9010,2024-08-17 17:41:33.735943,1904.37,Pending,PayPal,8798,9011,44,2024-04-30 17:41:33.738034,700.46,Shipped,Credit Card,1482
8677,2043,8678,2043,2024-08-14 17:41:33.736036,428.37,Pending,Bank Transfer,2123,2044,2542,2024-04-09 17:41:33.693628,1627.42,Shipped,Bank Transfer,3636
8700,4425,8701,4425,2024-05-23 17:41:33.736178,1746.37,Pending,Bank Transfer,8685,4426,6159,2024-05-14 17:41:33.708920,161.23,Shipped,Credit Card,6979
8705,6007,8706,6007,2024-11-20 17:41:33.736205,32.19,Pending,PayPal,9903,6008,760,2024-04-19 17:41:33.719116,1384.95,Shipped,Bank Transfer,6929
8745,6186,8746,6186,2024-12-30 17:41:33.736459,1809.44,Pending,PayPal,1122,6187,7139,2024-05-02 17:41:33.720266,1164.84,Shipped,PayPal,102
8779,2,8780,2,2024-04-17 17:41:33.736654,362.53,Pending,Bank Transfer,574,3,3268,2024-07-29 17:41:33.681176,1017.44,Shipped,Bank Transfer,3463
8799,153,8800,153,2024-05-16 17:41:33.736782,57.58,Pending,PayPal,8211,154,5681,2024-10-27 17:41:33.682138,1846.6,Shipped,Credit Card,3257
8811,1688,8812,1688,2024-03-06 17:41:33.736856,863.31,Pending,PayPal,2619,1689,9186,2024-09-15 17:41:33.691502,534.92,Shipped,Bank Transfer,9849
8835,8371,8836,8371,2024-10-24 17:41:33.736994,558.01,Pending,Credit Card,3751,8372,2978,2024-05-04 17:41:33.733937,1603.87,Shipped,Credit Card,335
8840,8641,8841,8641,2024-09-30 17:41:33.737021,121.79,Pending,Credit Card,3060,8642,6189,2025-01-28 17:41:33.735826,28.81,Shipped,PayPal,7090
8855,4773,8856,4773,2025-01-13 17:41:33.737104,25.99,Pending,Credit Card,6667,4774,3290,2024-03-19 17:41:33.711243,792.72,Shipped,Credit Card,1172
8895,1247,8896,1247,2024-09-11 17:41:33.737334,1768.31,Pending,Credit Card,5945,1248,4197,2024-03-23 17:41:33.688848,1489.03,Shipped,PayPal,1275
8900,576,8901,576,2024-04-14 17:41:33.737365,193.56,Pending,PayPal,5158,577,7813,2024-09-13 17:41:33.684720,1114.43,Shipped,PayPal,4411
8908,6725,8909,6725,2025-02-04 17:41:33.737423,163.54,Pending,Bank Transfer,8967,6726,3345,2024-12-07 17:41:33.723621,777.24,Shipped,PayPal,3042
8935,1461,8936,1461,2024-10-06 17:41:33.737571,56.1,Pending,PayPal,2076,1462,4964,2024-07-17 17:41:33.690120,1052.37,Shipped,Credit Card,7964
8966,886,8967,886,2024-05-31 17:41:33.737751,1199.09,Pending,Bank Transfer,5820,887,8397,2024-03-19 17:41:33.686545,1924.87,Shipped,Credit Card,3491
8979,6896,8980,6896,2025-01-10 17:41:33.737840,1785.66,Pending,Bank Transfer,1846,6897,9630,2024-08-06 17:41:33.724630,325.55,Shipped,Credit Card,4728
8985,6742,8986,6742,2025-01-30 17:41:33.737886,1693.9,Pending,Credit Card,6335,6743,7447,2024-12-29 17:41:33.723723,1052.74,Shipped,Bank Transfer,9990
9013,1099,9014,1099,2024-08-14 17:41:33.738051,449.25,Pending,PayPal,6044,1100,9219,2024-10-31 17:41:33.687910,1637.54,Shipped,PayPal,2633
9022,615,9023,615,2024-08-27 17:41:33.738100,318.37,Pending,PayPal,2564,616,9321,2024-06-02 17:41:33.684940,887.95,Shipped,Credit Card,1469
9036,4773,9037,4773,2024-10-10 17:41:33.738176,1996.21,Pending,PayPal,9840,4774,3290,2024-03-19 17:41:33.711243,792.72,Shipped,Credit Card,1172
9039,2785,9040,2785,2024-04-04 17:41:33.738202,288.28,Pending,PayPal,7761,2786,2468,2024-10-07 17:41:33.698218,1040.36,Shipped,Bank Transfer,6567
9045,6542,9046,6542,2024-07-04 17:41:33.738249,1079.2,Pending,PayPal,397,6543,8176,2024-08-27 17:41:33.722419,1095.34,Shipped,Bank Transfer,5346
9084,9835,9085,9835,2024-09-14 17:41:33.738478,742.37,Pending,Credit Card,1615,9836,3390,2024-09-17 17:41:33.742925,1299.66,Shipped,Bank Transfer,6293
9103,9624,9104,9624,2024-12-29 17:41:33.738581,1483.3,Pending,PayPal,2506,9625,3974,2024-04-20 17:41:33.741718,1301.22,Shipped,Bank Transfer,534
9122,9569,9123,9569,2024-04-11 17:41:33.738687,1539.51,Pending,Bank Transfer,1784,9570,2992,2024-05-10 17:41:33.741375,1493.41,Shipped,PayPal,9785
9123,2122,9124,2122,2024-04-07 17:41:33.738693,77.51,Pending,Bank Transfer,7274,2123,4497,2024-10-17 17:41:33.694103,154.64,Shipped,Credit Card,583
9134,5821,9135,5821,2025-02-07 17:41:33.738762,1848.14,Pending,Credit Card,5204,5822,2505,2024-08-11 17:41:33.717961,1699.3,Shipped,Credit Card,9266
9145,2385,9146,2385,2025-01-21 17:41:33.738822,435.13,Pending,Credit Card,1693,2386,5093,2024-06-24 17:41:33.695688,791.8,Shipped,Credit Card,7710
9156,9309,9157,9309,2024-04-10 17:41:33.738883,334.16,Pending,Credit Card,7462,9310,3682,2024-09-12 17:41:33.739820,1999.72,Shipped,PayPal,7412
9169,8526,9170,8526,2024-07-09 17:41:33.738969,1948.78,Pending,Bank Transfer,7206,8527,4197,2024-03-16 17:41:33.734904,851.54,Shipped,PayPal,6191
9171,718,9172,718,2025-01-08 17:41:33.738980,406.05,Pending,Credit Card,5052,719,6868,2025-01-28 17:41:33.685570,569.74,Shipped,Bank Transfer,8151
9182,5873,9183,5873,2024-10-13 17:41:33.739040,195.68,Pending,Credit Card,885,5874,4152,2024-06-04 17:41:33.718261,1926.9,Shipped,Credit Card,3183
9185,9982,9186,9982,2024-05-30 17:41:33.739056,591.76,Pending,PayPal,3610,9983,715,2024-03-22 17:41:33.743781,1241.94,Shipped,PayPal,9587
9209,2576,9210,2576,2024-09-17 17:41:33.739232,209.07,Pending,PayPal,8167,2577,8290,2024-07-03 17:41:33.696821,443.61,Shipped,Bank Transfer,3235
9210,7421,9211,7421,2024-09-27 17:41:33.739237,800.53,Pending,Credit Card,6026,7422,4373,2025-01-04 17:41:33.728142,1536.08,Shipped,Credit Card,1030
9211,8310,9212,8310,2024-08-07 17:41:33.739243,841.61,Pending,PayPal,9889,8311,5377,2024-10-03 17:41:33.733561,722.87,Shipped,Credit Card,5750
9223,3063,9224,3063,2024-08-18 17:41:33.739324,509.23,Pending,PayPal,1797,3064,5698,2024-03-24 17:41:33.700040,43.78,Shipped,PayPal,8745
9226,2845,9227,2845,2024-09-25 17:41:33.739341,1484.36,Pending,Bank Transfer,656,2846,9176,2025-01-07 17:41:33.698573,768.99,Shipped,PayPal,9548
9243,6062,9244,6062,2024-08-17 17:41:33.739433,916.09,Pending,Bank Transfer,5690,6063,172,2024-05-08 17:41:33.719517,298.2,Shipped,PayPal,8689
9261,798,9262,798,2024-04-18 17:41:33.739546,1923.7,Pending,Credit Card,2409,799,1974,2024-12-18 17:41:33.686026,801.56,Shipped,Credit Card,5267
9279,3118,9280,3118,2025-01-17 17:41:33.739645,359.15,Pending,PayPal,5695,3119,3320,2024-04-20 17:41:33.700434,196.62,Shipped,Bank Transfer,1573
9310,247,9311,247,2024-03-24 17:41:33.739826,655.69,Pending,PayPal,5113,248,2692,2024-03-30 17:41:33.682690,811.22,Shipped,Bank Transfer,5845
9343,8858,9344,8858,2024-08-25 17:41:33.740027,156.41,Pending,Credit Card,6227,8859,3064,2024-09-10 17:41:33.737132,672.86,Shipped,PayPal,2103
9347,6528,9348,6528,2024-06-03 17:41:33.740049,250.4,Pending,Bank Transfer,4393,6529,7948,2024-11-15 17:41:33.722341,1170.1,Shipped,PayPal,2893
9360,2886,9361,2886,2024-11-25 17:41:33.740120,1368.62,Pending,PayPal,7768,2887,8981,2024-06-09 17:41:33.698842,1815.41,Shipped,Bank Transfer,1839
9383,3486,9384,3486,2024-09-12 17:41:33.740245,338.77,Pending,Bank Transfer,2712,3487,2648,2024-10-14 17:41:33.702841,1738.88,Shipped,PayPal,5851
9391,4470,9392,4470,2024-09-22 17:41:33.740288,1248.52,Pending,Credit Card,361,4471,3443,2025-01-13 17:41:33.709204,888.28,Shipped,Bank Transfer,2303
9434,190,9435,190,2024-10-12 17:41:33.740542,1332.52,Pending,PayPal,6331,191,2646,2024-06-10 17:41:33.682361,1097.01,Shipped,Credit Card,5458
9454,2424,9455,2424,2024-03-12 17:41:33.740694,1805.87,Pending,Bank Transfer,3858,2425,3040,2024-07-01 17:41:33.695904,1667.35,Shipped,Bank Transfer,4816
9466,8169,9467,8169,2025-02-22 17:41:33.740760,1885.4,Pending,Credit Card,4706,8170,6099,2024-03-02 17:41:33.732709,1626.43,Shipped,Credit Card,5504
9477,8084,9478,8084,2024-03-23 17:41:33.740819,964.64,Pending,PayPal,7074,8085,251,2025-01-08 17:41:33.732202,1340.93,Shipped,Bank Transfer,844
9504,1839,9505,1839,2024-12-05 17:41:33.740978,1035.13,Pending,PayPal,8227,1840,627,2024-03-02 17:41:33.692404,320.7,Shipped,Bank Transfer,5560
9514,1797,9515,1797,2024-05-30 17:41:33.741033,751.3,Pending,PayPal,4392,1798,3335,2024-07-10 17:41:33.692141,1196.56,Shipped,Bank Transfer,3566
9552,4126,9553,4126,2025-02-24 17:41:33.741256,32.93,Pending,Bank Transfer,6483,4127,1796,2024-06-14 17:41:33.707010,1836.27,Shipped,Credit Card,4584
9576,4361,9577,4361,2024-06-18 17:41:33.741414,88.47,Pending,Bank Transfer,9957,4362,2780,2025-02-26 17:41:33.708520,371.78,Shipped,PayPal,692
9644,2845,9645,2845,2024-09-20 17:41:33.741828,408.41,Pending,PayPal,257,2846,9176,2025-01-07 17:41:33.698573,768.99,Shipped,PayPal,9548
9645,7213,9646,7213,2024-09-02 17:41:33.741834,1395.87,Pending,PayPal,6050,7214,7730,2024-07-03 17:41:33.726638,814.0,Shipped,Bank Transfer,9764
9654,8233,9655,8233,2024-06-15 17:41:33.741883,1715.67,Pending,Bank Transfer,4882,8234,1137,2024-03-04 17:41:33.733113,643.22,Shipped,PayPal,7772
9690,7878,9691,7878,2024-08-06 17:41:33.742091,1075.23,Pending,PayPal,2102,7879,2259,2024-09-16 17:41:33.730904,645.05,Shipped,PayPal,1407
9695,2564,9696,2564,2024-06-26 17:41:33.742119,1898.29,Pending,PayPal,1612,2565,4933,2025-01-20 17:41:33.696755,1783.27,Shipped,Credit Card,2845
9707,9332,9708,9332,2024-08-25 17:41:33.742196,1785.76,Pending,Bank Transfer,4873,9333,9951,2024-05-17 17:41:33.739951,89.91,Shipped,Credit Card,8244
9715,233,9716,233,2024-11-06 17:41:33.742240,227.48,Pending,Credit Card,8452,234,3325,2024-09-07 17:41:33.682613,420.41,Shipped,Bank Transfer,2857
9717,795,9718,795,2024-05-31 17:41:33.742252,1748.92,Pending,Bank Transfer,3156,796,5552,2025-02-11 17:41:33.686010,89.61,Shipped,Credit Card,8162
9721,2718,9722,2718,2024-11-03 17:41:33.742273,1448.62,Pending,Bank Transfer,4303,2719,9882,2025-01-02 17:41:33.697730,1035.05,Shipped,Bank Transfer,7302
9741,9763,9742,9763,2024-08-18 17:41:33.742392,1424.54,Pending,Credit Card,6083,9764,3875,2024-05-07 17:41:33.742513,218.02,Shipped,Credit Card,3062
9750,8455,9751,8455,2024-06-22 17:41:33.742441,338.41,Pending,PayPal,9056,8456,3819,2024-04-05 17:41:33.734483,1952.76,Shipped,PayPal,2088
9757,1327,9758,1327,2025-01-24 17:41:33.742480,758.52,Pending,Credit Card,3367,1328,3238,2024-03-17 17:41:33.689327,1390.48,Shipped,Bank Transfer,1986
9765,4992,9766,4992,2024-06-03 17:41:33.742524,1569.75,Pending,Credit Card,3312,4993,2248,2024-12-07 17:41:33.712630,910.86,Shipped,Credit Card,2966
9767,7404,9768,7404,2024-10-18 17:41:33.742535,988.5,Pending,Credit Card,750,7405,2717,2025-01-19 17:41:33.728007,92.59,Shipped,PayPal,34
9780,6897,9781,6897,2024-06-27 17:41:33.742607,285.26,Pending,Bank Transfer,7073,6898,6453,2024-06-19 17:41:33.724635,1747.87,Shipped,Credit Card,1138
9795,6263,9796,6263,2024-11-19 17:41:33.742689,494.48,Pending,PayPal,7337,6264,6687,2024-06-23 17:41:33.720738,1002.78,Shipped,PayPal,6370
9809,5373,9810,5373,2024-04-14 17:41:33.742781,1406.31,Pending,Credit Card,7317,5374,9843,2024-12-16 17:41:33.715044,83.41,Shipped,Bank Transfer,6752
9826,7516,9827,7516,2024-06-15 17:41:33.742876,1136.25,Pending,PayPal,6207,7517,4779,2024-09-22 17:41:33.728738,1231.35,Shipped,PayPal,851
9878,6558,9879,6558,2024-04-14 17:41:33.743186,1427.89,Pending,Bank Transfer,8082,6559,7751,2024-09-27 17:41:33.722513,861.71,Shipped,PayPal,5373
9903,6553,9904,6553,2024-07-19 17:41:33.743339,635.33,Pending,Bank Transfer,6777,6554,7071,2024-08-07 17:41:33.722480,577.03,Shipped,PayPal,4520
9934,587,9935,587,2024-12-11 17:41:33.743519,1733.69,Pending,Credit Card,2403,588,148,2024-10-28 17:41:33.684781,725.58,Shipped,PayPal,2900
9946,6832,9947,6832,2024-04-22 17:41:33.743585,1062.05,Pending,PayPal,1287,6833,2335,2024-03-03 17:41:33.724240,1314.72,Shipped,Credit Card,4959
9952,6387,9953,6387,2024-06-04 17:41:33.743617,1075.22,Pending,PayPal,4628,6388,2827,2024-08-02 17:41:33.721488,1782.6,Shipped,Bank Transfer,6587
9965,572,9966,572,2024-06-11 17:41:33.743688,360.73,Pending,Bank Transfer,9492,573,499,2025-01-30 17:41:33.684694,1570.12,Shipped,Bank Transfer,3955
