,OrderID_x,CustomerID,OrderDate_x,TotalAmount_x,OrderStatus_x,PaymentMethod_x,ShippingAddressID_x,OrderID_y,OrderDate_y,TotalAmount_y,OrderStatus_y,PaymentMethod_y,ShippingAddressID_y
0,23,1080,2025-02-17 17:41:33.681328,368.59,Pending,PayPal,3134,9834,2024-08-10 17:41:33.742914,884.59,Shipped,Credit Card,1369
1,27,5700,2024-07-27 17:41:33.681351,69.22,Pending,Bank Transfer,5795,2023,2024-10-06 17:41:33.693502,326.51,Shipped,PayPal,1428
2,35,8643,2024-08-16 17:41:33.681395,729.73,Pending,PayPal,2088,7333,2024-10-11 17:41:33.727494,745.41,Shipped,Credit Card,6055
3,150,952,2024-03-16 17:41:33.682109,1754.24,Pending,PayPal,430,3809,2024-12-08 17:41:33.704999,759.13,Shipped,Bank Transfer,1661
4,165,1752,2024-03-05 17:41:33.682203,266.25,Pending,PayPal,1074,1794,2025-01-26 17:41:33.692119,32.24,Shipped,Bank Transfer,4208
5,168,679,2024-09-14 17:41:33.682219,1441.42,Pending,Bank Transfer,8423,7232,2024-05-24 17:41:33.726738,1386.42,Shipped,PayPal,1902
6,172,5156,2024-10-08 17:41:33.682241,1518.83,Pending,Credit Card,3436,6055,2024-06-14 17:41:33.719473,1073.55,Shipped,Bank Transfer,6435
7,199,2284,2025-01-30 17:41:33.682405,1636.93,Pending,PayPal,5997,3295,2024-06-13 17:41:33.701610,1099.59,Shipped,PayPal,2954
8,199,2284,2025-01-30 17:41:33.682405,1636.93,Pending,PayPal,5997,7059,2024-12-31 17:41:33.725666,988.02,Shipped,Credit Card,4251
9,223,745,2024-03-03 17:41:33.682553,1339.36,Pending,Bank Transfer,6066,9543,2024-05-23 17:41:33.741201,1598.87,Shipped,Credit Card,7218
10,236,5373,2024-07-10 17:41:33.682624,157.28,Pending,Bank Transfer,9654,534,2024-08-01 17:41:33.684453,1904.34,Shipped,PayPal,6084
11,237,7612,2024-04-16 17:41:33.682629,159.91,Pending,PayPal,8018,5467,2024-10-13 17:41:33.715707,329.62,Shipped,Credit Card,1822
12,241,9464,2024-07-31 17:41:33.682651,410.36,Pending,Bank Transfer,6265,7180,2024-12-19 17:41:33.726416,724.84,Shipped,Bank Transfer,6583
13,243,5894,2024-06-02 17:41:33.682662,1178.3,Pending,Credit Card,4236,8968,2024-11-26 17:41:33.737757,715.29,Shipped,Bank Transfer,6002
14,266,2997,2024-12-13 17:41:33.682790,1973.49,Pending,PayPal,733,2972,2024-06-23 17:41:33.699447,1110.43,Shipped,Bank Transfer,3548
15,270,4927,2024-05-03 17:41:33.682811,852.78,Pending,Credit Card,7074,8385,2024-05-20 17:41:33.734008,1575.47,Shipped,Bank Transfer,1132
16,280,1134,2024-09-18 17:41:33.682885,966.17,Pending,Credit Card,6900,8582,2024-08-08 17:41:33.735421,1408.6,Shipped,Credit Card,9833
17,282,5643,2024-03-12 17:41:33.682895,1764.59,Pending,Bank Transfer,831,2335,2024-08-01 17:41:33.695379,1542.63,Shipped,Bank Transfer,3442
18,305,6991,2024-12-14 17:41:33.683023,407.2,Pending,Credit Card,5086,1002,2024-03-20 17:41:33.687308,304.0,Shipped,Credit Card,8056
19,319,5069,2024-11-20 17:41:33.683102,1208.23,Pending,Bank Transfer,5728,9168,2024-03-30 17:41:33.738958,1597.27,Shipped,PayPal,3135
20,326,8712,2024-09-07 17:41:33.683166,347.18,Pending,PayPal,2465,7451,2024-09-23 17:41:33.728316,747.41,Shipped,Bank Transfer,236
21,362,7188,2024-08-29 17:41:33.683425,1235.69,Pending,PayPal,1850,188,2024-05-10 17:41:33.682344,1067.34,Shipped,Bank Transfer,3327
22,362,7188,2024-08-29 17:41:33.683425,1235.69,Pending,PayPal,1850,4600,2025-01-09 17:41:33.710021,962.4,Shipped,Credit Card,5168
23,362,7188,2024-08-29 17:41:33.683425,1235.69,Pending,PayPal,1850,8395,2024-09-24 17:41:33.734096,27.75,Shipped,Credit Card,3700
24,363,1195,2024-10-10 17:41:33.683430,1363.24,Pending,PayPal,6477,6706,2024-11-25 17:41:33.723495,298.98,Shipped,Bank Transfer,2470
25,381,6627,2024-03-23 17:41:33.683528,709.14,Pending,Credit Card,6725,8939,2024-03-30 17:41:33.737587,863.99,Shipped,PayPal,8165
26,403,3279,2024-07-08 17:41:33.683681,586.55,Pending,Bank Transfer,2870,2853,2024-09-04 17:41:33.698611,1562.82,Shipped,Bank Transfer,5806
27,423,471,2024-08-02 17:41:33.683791,668.41,Pending,Bank Transfer,5136,7871,2024-04-15 17:41:33.730848,1324.11,Shipped,Bank Transfer,6114
28,433,3924,2024-10-31 17:41:33.683845,1564.43,Pending,Credit Card,1943,1014,2024-08-09 17:41:33.687374,839.96,Shipped,PayPal,9197
29,437,8184,2024-07-09 17:41:33.683867,1564.59,Pending,PayPal,2975,9745,2024-11-16 17:41:33.742409,1731.06,Shipped,Bank Transfer,3968
30,438,5189,2024-07-10 17:41:33.683872,143.48,Pending,Credit Card,7494,5999,2024-05-12 17:41:33.719068,817.57,Shipped,Credit Card,9201
31,471,5778,2024-12-10 17:41:33.684071,1538.61,Pending,PayPal,9858,5017,2024-08-31 17:41:33.712796,284.66,Shipped,Bank Transfer,7944
32,480,8189,2024-03-14 17:41:33.684120,875.88,Pending,Credit Card,7589,9729,2024-12-27 17:41:33.742311,707.95,Shipped,Bank Transfer,3049
33,481,5718,2024-05-10 17:41:33.684126,104.92,Pending,Bank Transfer,2057,7344,2024-12-08 17:41:33.727578,213.42,Shipped,Credit Card,7967
34,558,4909,2025-02-26 17:41:33.684600,1988.21,Pending,Credit Card,8576,7551,2024-10-19 17:41:33.728934,743.62,Shipped,PayPal,8140
35,560,2288,2025-01-19 17:41:33.684612,1345.54,Pending,Credit Card,5039,9961,2024-09-13 17:41:33.743661,388.02,Shipped,PayPal,6571
36,576,6090,2025-01-27 17:41:33.684715,1836.62,Pending,PayPal,4827,1276,2024-06-11 17:41:33.689020,1053.27,Shipped,PayPal,9662
37,584,4369,2024-03-22 17:41:33.684759,825.1,Pending,PayPal,6406,1504,2024-12-16 17:41:33.690360,1169.43,Shipped,Credit Card,7990
38,584,4369,2024-03-22 17:41:33.684759,825.1,Pending,PayPal,6406,4544,2024-12-21 17:41:33.709669,874.73,Shipped,Bank Transfer,2998
39,635,848,2024-03-23 17:41:33.685061,1606.95,Pending,PayPal,7238,9307,2024-06-25 17:41:33.739794,298.93,Shipped,Credit Card,1228
40,641,9060,2024-08-23 17:41:33.685094,1504.37,Pending,PayPal,8319,1356,2024-03-03 17:41:33.689484,1514.82,Shipped,Credit Card,8487
41,669,4652,2024-07-02 17:41:33.685249,1654.77,Pending,PayPal,2240,3875,2024-06-08 17:41:33.705401,131.11,Shipped,PayPal,6676
42,669,4652,2024-07-02 17:41:33.685249,1654.77,Pending,PayPal,2240,7924,2024-10-04 17:41:33.731194,932.57,Shipped,Credit Card,9658
43,683,545,2024-08-03 17:41:33.685326,1007.06,Pending,Bank Transfer,1218,1912,2024-04-10 17:41:33.692829,1931.57,Shipped,Credit Card,9383
44,731,6232,2024-07-06 17:41:33.685636,1636.51,Pending,Credit Card,743,6411,2024-10-19 17:41:33.721624,1945.26,Shipped,PayPal,9845
45,790,4362,2024-09-04 17:41:33.685978,79.25,Pending,Bank Transfer,9564,225,2024-07-20 17:41:33.682564,1874.72,Shipped,Credit Card,4170
46,803,4136,2024-09-15 17:41:33.686048,241.26,Pending,PayPal,5345,7481,2025-02-07 17:41:33.728515,126.61,Shipped,PayPal,6519
47,839,4619,2024-03-25 17:41:33.686278,509.56,Pending,PayPal,9616,3952,2024-03-08 17:41:33.705893,1762.08,Shipped,Credit Card,7292
48,844,553,2024-06-05 17:41:33.686306,1329.04,Pending,Credit Card,1169,4709,2025-01-09 17:41:33.710745,906.01,Shipped,PayPal,8041
49,861,8989,2024-12-26 17:41:33.686399,502.34,Pending,PayPal,4097,9229,2024-11-29 17:41:33.739352,1700.28,Shipped,Credit Card,8534
50,863,6583,2024-12-16 17:41:33.686413,1423.61,Pending,PayPal,7748,5297,2025-01-08 17:41:33.714562,475.89,Shipped,PayPal,6505
51,863,6583,2024-12-16 17:41:33.686413,1423.61,Pending,PayPal,7748,8491,2024-06-19 17:41:33.734706,1221.26,Shipped,Bank Transfer,4345
52,869,6010,2024-07-20 17:41:33.686446,927.7,Pending,PayPal,9839,9246,2024-08-23 17:41:33.739444,891.31,Shipped,Credit Card,9076
53,874,489,2024-09-27 17:41:33.686473,1461.8,Pending,PayPal,6824,7863,2025-02-04 17:41:33.730790,635.1,Shipped,Bank Transfer,9608
54,908,2670,2024-04-15 17:41:33.686693,1156.1,Pending,Credit Card,6918,9582,2024-04-12 17:41:33.741444,737.38,Shipped,PayPal,4819
55,918,5211,2025-01-02 17:41:33.686760,172.76,Pending,PayPal,9617,7312,2024-10-14 17:41:33.727314,1583.82,Shipped,Credit Card,5884
56,925,8790,2024-03-17 17:41:33.686799,1542.53,Pending,PayPal,4310,3892,2024-10-12 17:41:33.705521,752.79,Shipped,PayPal,7742
57,926,4340,2024-06-25 17:41:33.686805,649.79,Pending,PayPal,8287,3020,2024-03-10 17:41:33.699748,677.6,Shipped,Credit Card,2491
58,932,7082,2024-06-28 17:41:33.686852,1399.63,Pending,PayPal,4375,3660,2024-03-21 17:41:33.703997,1983.73,Shipped,Bank Transfer,9826
59,967,6159,2024-11-16 17:41:33.687077,1257.39,Pending,PayPal,2609,4426,2024-05-14 17:41:33.708920,161.23,Shipped,Credit Card,6979
60,1031,8582,2024-09-08 17:41:33.687469,1101.33,Pending,Bank Transfer,8795,417,2024-06-15 17:41:33.683758,626.25,Shipped,Bank Transfer,1967
61,1078,5526,2024-08-31 17:41:33.687783,1896.6,Pending,PayPal,5400,8106,2024-06-03 17:41:33.732316,143.92,Shipped,PayPal,9258
62,1098,9035,2024-10-05 17:41:33.687893,236.24,Pending,Bank Transfer,3345,8616,2024-07-03 17:41:33.735624,801.89,Shipped,PayPal,1770
63,1113,8274,2024-09-17 17:41:33.688015,1592.62,Pending,Credit Card,7737,8729,2024-12-06 17:41:33.736367,769.86,Shipped,PayPal,9956
64,1120,1915,2025-02-26 17:41:33.688055,1627.79,Pending,PayPal,1024,9978,2024-07-25 17:41:33.743754,163.15,Shipped,PayPal,1225
65,1178,9644,2025-01-12 17:41:33.688420,89.37,Pending,Bank Transfer,7711,4427,2024-04-17 17:41:33.708926,1467.07,Shipped,Bank Transfer,5101
66,1178,9644,2025-01-12 17:41:33.688420,89.37,Pending,Bank Transfer,7711,6048,2024-06-22 17:41:33.719435,1224.83,Shipped,Credit Card,5959
67,1189,7929,2025-01-15 17:41:33.688482,363.7,Pending,Bank Transfer,5627,5174,2024-04-11 17:41:33.713797,464.88,Shipped,Bank Transfer,7884
68,1192,5132,2024-04-09 17:41:33.688501,1446.54,Pending,PayPal,7453,8779,2025-01-11 17:41:33.736649,1130.17,Shipped,PayPal,1553
69,1194,6635,2024-11-07 17:41:33.688512,1726.46,Pending,Credit Card,7550,5390,2025-02-22 17:41:33.715176,967.26,Shipped,Bank Transfer,3663
70,1194,6635,2024-11-07 17:41:33.688512,1726.46,Pending,Credit Card,7550,7510,2024-09-16 17:41:33.728683,1306.1,Shipped,PayPal,7787
71,1200,3078,2024-08-10 17:41:33.688546,838.44,Pending,PayPal,3314,2849,2024-07-10 17:41:33.698589,1907.01,Shipped,PayPal,1163
72,1218,6603,2024-07-11 17:41:33.688646,525.44,Pending,PayPal,2733,2470,2024-10-01 17:41:33.696158,1099.33,Shipped,Credit Card,9109
73,1218,6603,2024-07-11 17:41:33.688646,525.44,Pending,PayPal,2733,2578,2024-04-25 17:41:33.696827,897.94,Shipped,PayPal,6705
74,1218,6603,2024-07-11 17:41:33.688646,525.44,Pending,PayPal,2733,3926,2024-05-11 17:41:33.705722,404.83,Shipped,Credit Card,8642
75,1293,8208,2024-05-26 17:41:33.689123,1170.12,Pending,Credit Card,5482,2378,2024-10-14 17:41:33.695645,21.85,Shipped,Credit Card,6931
76,1303,3661,2024-11-25 17:41:33.689179,1705.93,Pending,PayPal,4868,6330,2024-06-03 17:41:33.721157,647.37,Shipped,Credit Card,3636
77,1319,2744,2024-09-30 17:41:33.689267,104.75,Pending,Credit Card,9887,4787,2024-08-03 17:41:33.711324,1066.89,Shipped,Bank Transfer,4275
78,1321,9851,2024-06-09 17:41:33.689278,696.77,Pending,Credit Card,7749,5441,2025-01-19 17:41:33.715537,1825.13,Shipped,Bank Transfer,3735
79,1323,4312,2024-08-05 17:41:33.689289,939.85,Pending,PayPal,6100,9538,2024-04-08 17:41:33.741174,1764.74,Shipped,PayPal,1988
80,1329,9468,2024-12-25 17:41:33.689337,1011.92,Pending,Credit Card,3557,9512,2024-09-01 17:41:33.741017,1019.67,Shipped,Bank Transfer,3400
81,1329,9468,2024-12-25 17:41:33.689337,1011.92,Pending,Credit Card,3557,9871,2024-06-06 17:41:33.743142,1560.46,Shipped,Credit Card,1898
82,1342,6020,2024-11-19 17:41:33.689408,196.58,Pending,Bank Transfer,5526,615,2024-08-24 17:41:33.684935,1009.04,Shipped,PayPal,242
83,1351,5520,2024-07-10 17:41:33.689457,1777.13,Pending,Bank Transfer,3202,3178,2024-09-16 17:41:33.700804,1277.61,Shipped,PayPal,8959
84,1412,6946,2024-03-30 17:41:33.689801,1442.47,Pending,PayPal,8001,43,2024-03-01 17:41:33.681446,1897.73,Shipped,PayPal,4398
85,1436,5978,2025-01-09 17:41:33.689959,575.06,Pending,PayPal,3989,2813,2024-12-09 17:41:33.698376,1811.78,Shipped,PayPal,5483
86,1461,4835,2024-05-06 17:41:33.690114,76.65,Pending,PayPal,7240,9651,2024-04-16 17:41:33.741861,1513.81,Shipped,Credit Card,9050
87,1467,8395,2024-07-24 17:41:33.690156,321.64,Pending,PayPal,3572,2717,2024-05-03 17:41:33.697719,1337.19,Shipped,PayPal,163
88,1519,6527,2024-09-06 17:41:33.690457,1140.8,Pending,Bank Transfer,8739,7793,2024-09-09 17:41:33.730361,205.05,Shipped,Credit Card,4535
89,1584,9028,2024-04-06 17:41:33.690814,1009.71,Pending,PayPal,9700,4012,2025-01-31 17:41:33.706272,553.84,Shipped,Bank Transfer,6682
90,1635,679,2024-03-08 17:41:33.691171,753.61,Pending,PayPal,1579,7232,2024-05-24 17:41:33.726738,1386.42,Shipped,PayPal,1902
91,1646,90,2024-11-04 17:41:33.691241,1805.59,Pending,Bank Transfer,4642,5334,2024-03-06 17:41:33.714795,1596.3,Shipped,Credit Card,9056
92,1669,1299,2024-04-27 17:41:33.691376,1438.12,Pending,PayPal,4954,4645,2024-05-19 17:41:33.710325,637.01,Shipped,PayPal,3638
93,1669,1299,2024-04-27 17:41:33.691376,1438.12,Pending,PayPal,4954,7550,2024-09-03 17:41:33.728929,795.43,Shipped,Credit Card,9773
94,1669,1299,2024-04-27 17:41:33.691376,1438.12,Pending,PayPal,4954,7676,2024-09-12 17:41:33.729657,1508.81,Shipped,Credit Card,1724
95,1682,564,2024-04-18 17:41:33.691447,477.72,Pending,Bank Transfer,1981,4184,2024-07-22 17:41:33.707395,1512.32,Shipped,PayPal,8907
96,1682,564,2024-04-18 17:41:33.691447,477.72,Pending,Bank Transfer,1981,9407,2025-01-21 17:41:33.740387,360.24,Shipped,PayPal,1056
97,1685,2062,2024-11-03 17:41:33.691472,596.78,Pending,Credit Card,8181,741,2024-10-22 17:41:33.685691,1535.29,Shipped,PayPal,509
98,1732,6300,2024-04-03 17:41:33.691741,226.64,Pending,Credit Card,1594,6505,2024-09-08 17:41:33.722169,560.51,Shipped,PayPal,3422
99,1736,3040,2024-09-01 17:41:33.691763,857.49,Pending,Bank Transfer,8172,2425,2024-07-01 17:41:33.695904,1667.35,Shipped,Bank Transfer,4816
100,1736,3040,2024-09-01 17:41:33.691763,857.49,Pending,Bank Transfer,8172,8278,2025-02-12 17:41:33.733354,562.09,Shipped,Credit Card,2683
101,1742,3894,2024-06-16 17:41:33.691796,401.89,Pending,Credit Card,3925,4130,2025-01-27 17:41:33.707038,948.61,Shipped,Bank Transfer,9510
102,1743,175,2024-09-23 17:41:33.691801,1893.08,Pending,Credit Card,9342,7255,2024-06-20 17:41:33.726879,1287.1,Shipped,PayPal,9913
103,1766,6990,2024-05-01 17:41:33.691933,759.44,Pending,Credit Card,5443,549,2024-12-23 17:41:33.684551,1736.15,Shipped,Bank Transfer,7920
104,1770,4325,2024-06-29 17:41:33.691967,1263.44,Pending,Credit Card,5311,8164,2024-05-06 17:41:33.732676,575.62,Shipped,Bank Transfer,3612
105,1797,3257,2025-01-14 17:41:33.692135,1419.8,Pending,PayPal,5535,2665,2024-12-04 17:41:33.697361,311.49,Shipped,Credit Card,6478
106,1893,1302,2025-01-06 17:41:33.692726,324.94,Pending,Bank Transfer,81,3609,2024-11-09 17:41:33.703662,1992.54,Shipped,PayPal,6450
107,1911,7023,2024-10-01 17:41:33.692824,1829.07,Pending,Credit Card,1765,2487,2024-02-29 17:41:33.696278,1023.75,Shipped,PayPal,9785
108,1916,1211,2025-01-13 17:41:33.692852,1072.06,Pending,Credit Card,1499,1693,2025-01-27 17:41:33.691524,621.63,Shipped,PayPal,9583
109,1942,5692,2024-12-19 17:41:33.693001,1741.37,Pending,Credit Card,6480,7862,2024-09-02 17:41:33.730784,918.15,Shipped,Credit Card,9051
110,1944,7505,2024-07-13 17:41:33.693019,208.06,Pending,PayPal,6143,1008,2024-12-11 17:41:33.687340,790.8,Shipped,PayPal,8369
111,2000,4768,2024-04-09 17:41:33.693357,500.88,Pending,Bank Transfer,2961,4613,2024-03-12 17:41:33.710114,1841.95,Shipped,Credit Card,3519
112,2007,1014,2025-02-11 17:41:33.693411,830.27,Pending,Bank Transfer,945,8092,2025-02-09 17:41:33.732240,603.16,Shipped,Bank Transfer,2938
113,2036,601,2024-10-29 17:41:33.693574,878.49,Pending,Credit Card,6805,5330,2024-05-11 17:41:33.714773,50.82,Shipped,Bank Transfer,2546
114,2041,5661,2024-09-21 17:41:33.693601,385.88,Pending,Credit Card,8503,107,2024-07-13 17:41:33.681834,980.0,Shipped,Credit Card,8981
115,2043,1200,2024-12-23 17:41:33.693619,1131.36,Pending,PayPal,3505,1414,2024-08-12 17:41:33.689820,109.63,Shipped,Credit Card,8606
116,2043,1200,2024-12-23 17:41:33.693619,1131.36,Pending,PayPal,3505,1831,2024-07-04 17:41:33.692353,1422.14,Shipped,PayPal,8429
117,2048,6858,2024-12-08 17:41:33.693656,627.29,Pending,PayPal,466,5809,2024-07-28 17:41:33.717868,1021.11,Shipped,PayPal,3595
118,2091,7558,2025-01-16 17:41:33.693911,1090.17,Pending,PayPal,3797,74,2024-12-20 17:41:33.681632,1464.34,Shipped,Credit Card,3012
119,2114,6855,2024-08-28 17:41:33.694037,782.43,Pending,Credit Card,5508,3800,2024-04-18 17:41:33.704934,169.05,Shipped,PayPal,75
120,2134,9657,2024-03-10 17:41:33.694164,1883.35,Pending,Credit Card,2162,7564,2024-08-11 17:41:33.729005,951.65,Shipped,Credit Card,2626
121,2136,6575,2025-02-21 17:41:33.694175,332.72,Pending,Credit Card,6624,1542,2024-10-02 17:41:33.690583,1351.49,Shipped,Bank Transfer,5254
122,2141,9519,2024-09-30 17:41:33.694217,1302.01,Pending,PayPal,291,3400,2024-09-15 17:41:33.702284,162.66,Shipped,PayPal,5517
123,2172,3218,2024-11-04 17:41:33.694403,1432.5,Pending,PayPal,9088,1652,2024-08-10 17:41:33.691282,644.08,Shipped,Bank Transfer,4603
124,2177,3566,2024-04-24 17:41:33.694430,480.95,Pending,PayPal,245,8094,2024-06-22 17:41:33.732251,959.34,Shipped,PayPal,9142
125,2187,8045,2024-08-14 17:41:33.694501,310.61,Pending,Bank Transfer,6958,9271,2025-02-16 17:41:33.739596,1756.35,Shipped,Bank Transfer,965
126,2188,1266,2025-02-26 17:41:33.694507,1691.29,Pending,PayPal,664,6447,2024-05-29 17:41:33.721817,440.24,Shipped,Credit Card,2713
127,2189,1964,2024-05-29 17:41:33.694512,1714.02,Pending,Bank Transfer,5952,3572,2024-06-26 17:41:33.703416,1651.63,Shipped,Bank Transfer,1311
128,2196,4596,2024-03-14 17:41:33.694551,73.97,Pending,Credit Card,3123,8342,2024-03-04 17:41:33.733748,1638.79,Shipped,Credit Card,2056
129,2201,4132,2024-05-31 17:41:33.694579,1258.12,Pending,Credit Card,8090,4791,2025-01-08 17:41:33.711359,1261.93,Shipped,Credit Card,1389
130,2201,4132,2024-05-31 17:41:33.694579,1258.12,Pending,Credit Card,8090,9300,2024-11-12 17:41:33.739755,1281.75,Shipped,Bank Transfer,5775
131,2209,7238,2024-04-09 17:41:33.694623,1152.78,Pending,Bank Transfer,9787,4299,2024-12-08 17:41:33.708124,868.75,Shipped,Bank Transfer,793
132,2209,7238,2024-04-09 17:41:33.694623,1152.78,Pending,Bank Transfer,9787,9842,2024-11-03 17:41:33.742958,1716.63,Shipped,PayPal,1284
133,2233,8325,2024-10-29 17:41:33.694757,38.46,Pending,Bank Transfer,1047,9221,2025-02-06 17:41:33.739308,1855.5,Shipped,PayPal,3508
134,2238,1051,2024-11-17 17:41:33.694784,78.22,Pending,PayPal,4490,4982,2024-05-02 17:41:33.712569,1000.3,Shipped,Bank Transfer,2102
135,2238,1051,2024-11-17 17:41:33.694784,78.22,Pending,PayPal,4490,7542,2025-02-17 17:41:33.728886,744.57,Shipped,PayPal,6958
136,2259,553,2024-06-24 17:41:33.694910,1194.84,Pending,Credit Card,183,4709,2025-01-09 17:41:33.710745,906.01,Shipped,PayPal,8041
137,2290,5083,2024-08-22 17:41:33.695081,933.62,Pending,Bank Transfer,4969,7383,2025-02-15 17:41:33.727842,1615.3,Shipped,Credit Card,6388
138,2351,8097,2024-12-02 17:41:33.695482,1123.38,Pending,Credit Card,754,2911,2024-05-10 17:41:33.698980,1282.01,Shipped,Credit Card,7890
139,2354,4442,2024-08-29 17:41:33.695498,1224.78,Pending,PayPal,4759,2768,2024-12-09 17:41:33.698121,1858.35,Shipped,Bank Transfer,76
140,2359,7701,2024-05-19 17:41:33.695526,1111.06,Pending,Credit Card,1853,7587,2024-06-19 17:41:33.729144,1400.92,Shipped,PayPal,5688
141,2360,8880,2024-12-31 17:41:33.695535,1971.19,Pending,PayPal,667,5130,2024-07-30 17:41:33.713527,1112.87,Shipped,PayPal,5774
142,2360,8880,2024-12-31 17:41:33.695535,1971.19,Pending,PayPal,667,6557,2024-10-09 17:41:33.722496,279.59,Shipped,Bank Transfer,8598
143,2373,2969,2024-06-27 17:41:33.695618,1533.75,Pending,Bank Transfer,5224,6776,2024-03-29 17:41:33.723902,370.4,Shipped,Bank Transfer,8716
144,2373,2969,2024-06-27 17:41:33.695618,1533.75,Pending,Bank Transfer,5224,7245,2024-08-29 17:41:33.726811,76.88,Shipped,Bank Transfer,5586
145,2404,6050,2024-05-10 17:41:33.695787,1433.41,Pending,Bank Transfer,4117,25,2024-10-12 17:41:33.681339,1711.27,Shipped,Bank Transfer,6665
146,2423,2805,2024-11-18 17:41:33.695893,588.84,Pending,Bank Transfer,4241,8728,2024-11-22 17:41:33.736360,141.59,Shipped,Bank Transfer,1963
147,2428,5508,2024-09-16 17:41:33.695927,567.38,Pending,PayPal,1737,5000,2024-11-25 17:41:33.712672,170.29,Shipped,PayPal,2171
148,2439,3884,2024-06-14 17:41:33.695991,1081.72,Pending,PayPal,5167,5527,2025-01-27 17:41:33.716085,1534.07,Shipped,PayPal,1074
149,2448,2493,2024-12-18 17:41:33.696039,811.08,Pending,PayPal,6449,1243,2024-06-14 17:41:33.688801,452.33,Shipped,PayPal,1900
150,2449,6464,2024-10-22 17:41:33.696045,1431.75,Pending,Credit Card,3653,2162,2024-11-29 17:41:33.694332,76.71,Shipped,Bank Transfer,1132
151,2454,565,2024-07-06 17:41:33.696072,785.83,Pending,PayPal,6795,6230,2024-11-05 17:41:33.720528,1633.55,Shipped,PayPal,9743
152,2460,1105,2024-06-03 17:41:33.696105,1397.82,Pending,Bank Transfer,2094,4102,2024-12-28 17:41:33.706843,639.44,Shipped,Bank Transfer,8291
153,2469,5301,2024-08-24 17:41:33.696153,1075.72,Pending,Credit Card,4881,5507,2024-09-02 17:41:33.715958,131.64,Shipped,PayPal,8397
154,2469,5301,2024-08-24 17:41:33.696153,1075.72,Pending,Credit Card,4881,5640,2024-06-08 17:41:33.716779,206.1,Shipped,Bank Transfer,8292
155,2469,5301,2024-08-24 17:41:33.696153,1075.72,Pending,Credit Card,4881,7663,2024-10-12 17:41:33.729585,1983.82,Shipped,Bank Transfer,9850
156,2483,672,2024-09-14 17:41:33.696256,1824.36,Pending,PayPal,3505,5566,2024-11-16 17:41:33.716308,1770.43,Shipped,Credit Card,5948
157,2486,1991,2025-02-07 17:41:33.696273,386.98,Pending,PayPal,7882,6839,2024-11-16 17:41:33.724282,1090.42,Shipped,Bank Transfer,8817
158,2503,8482,2024-08-07 17:41:33.696381,983.99,Pending,Bank Transfer,5461,7724,2024-04-04 17:41:33.729947,47.65,Shipped,PayPal,9446
159,2542,3267,2024-04-28 17:41:33.696619,1044.85,Pending,Credit Card,4679,8131,2024-10-16 17:41:33.732481,1972.1,Shipped,PayPal,6326
160,2589,4948,2025-01-09 17:41:33.696887,1109.56,Pending,Bank Transfer,5856,2686,2024-09-08 17:41:33.697513,696.59,Shipped,PayPal,4763
161,2596,6340,2024-03-27 17:41:33.696926,1117.06,Pending,Credit Card,6202,4198,2024-11-26 17:41:33.707482,106.33,Shipped,Credit Card,3398
162,2596,6340,2024-03-27 17:41:33.696926,1117.06,Pending,Credit Card,6202,7207,2024-09-06 17:41:33.726599,172.27,Shipped,Bank Transfer,1283
163,2608,2717,2024-12-16 17:41:33.696997,360.76,Pending,PayPal,6447,7405,2025-01-19 17:41:33.728007,92.59,Shipped,PayPal,34
164,2615,9008,2024-11-23 17:41:33.697047,515.2,Pending,Bank Transfer,8076,6143,2024-08-03 17:41:33.720010,1470.82,Shipped,Credit Card,6734
165,2619,2396,2024-04-25 17:41:33.697070,1371.92,Pending,PayPal,48,1437,2024-06-16 17:41:33.689964,628.2,Shipped,Credit Card,3056
166,2631,1823,2024-12-15 17:41:33.697135,227.28,Pending,PayPal,5153,9807,2025-02-20 17:41:33.742759,686.31,Shipped,PayPal,6939
167,2673,1631,2024-08-23 17:41:33.697414,1247.04,Pending,PayPal,6307,6738,2024-06-08 17:41:33.723696,1088.73,Shipped,PayPal,4966
168,2699,7498,2024-05-26 17:41:33.697586,1014.22,Pending,Credit Card,1569,2933,2024-04-10 17:41:33.699164,136.06,Shipped,PayPal,2791
169,2716,231,2024-10-06 17:41:33.697708,213.72,Pending,PayPal,5052,5675,2024-07-31 17:41:33.716999,487.04,Shipped,Credit Card,4779
170,2724,4125,2024-09-27 17:41:33.697757,1602.27,Pending,Bank Transfer,9371,9350,2024-06-28 17:41:33.740060,1633.01,Shipped,Credit Card,1712
171,2740,9376,2025-01-28 17:41:33.697873,681.3,Pending,Credit Card,6472,517,2024-03-31 17:41:33.684334,1876.38,Shipped,PayPal,8
172,2740,9376,2025-01-28 17:41:33.697873,681.3,Pending,Credit Card,6472,5039,2024-07-01 17:41:33.712927,1252.13,Shipped,Bank Transfer,5435
173,2765,1418,2024-03-02 17:41:33.698104,819.57,Pending,Bank Transfer,6905,9740,2024-09-09 17:41:33.742375,911.93,Shipped,Credit Card,6138
174,2773,9072,2025-02-14 17:41:33.698148,242.55,Pending,Bank Transfer,9545,288,2024-08-10 17:41:33.682929,867.61,Shipped,PayPal,4622
175,2791,7345,2024-12-08 17:41:33.698245,953.78,Pending,PayPal,2485,7830,2024-07-09 17:41:33.730583,106.57,Shipped,PayPal,2362
176,2807,1566,2024-05-23 17:41:33.698343,912.95,Pending,PayPal,9541,7283,2025-01-31 17:41:33.727060,1819.51,Shipped,Credit Card,818
177,2815,1096,2025-01-28 17:41:33.698387,503.48,Pending,Credit Card,8619,2549,2025-02-11 17:41:33.696666,313.41,Shipped,PayPal,6790
178,2862,7627,2024-10-13 17:41:33.698660,775.94,Pending,PayPal,7727,4724,2025-01-12 17:41:33.710845,1340.0,Shipped,Bank Transfer,1697
179,2876,8548,2025-01-28 17:41:33.698754,1937.24,Pending,PayPal,2888,1925,2025-02-26 17:41:33.692901,789.57,Shipped,PayPal,517
180,2890,4234,2024-09-23 17:41:33.698858,1717.09,Pending,Credit Card,2513,2679,2024-12-20 17:41:33.697466,93.16,Shipped,Bank Transfer,5751
181,2898,5046,2024-12-19 17:41:33.698902,1293.01,Pending,Bank Transfer,9737,4430,2025-01-13 17:41:33.708942,1119.84,Shipped,Bank Transfer,2486
182,2938,2843,2024-11-06 17:41:33.699210,1962.63,Pending,Credit Card,1566,6678,2025-02-19 17:41:33.723331,111.63,Shipped,PayPal,8937
183,2954,623,2024-07-11 17:41:33.699338,950.11,Pending,PayPal,2739,9583,2024-09-07 17:41:33.741453,1779.77,Shipped,PayPal,9041
184,2968,6029,2024-08-11 17:41:33.699425,1079.94,Pending,PayPal,3187,116,2024-08-22 17:41:33.681885,135.33,Shipped,Credit Card,5009
185,2968,6029,2024-08-11 17:41:33.699425,1079.94,Pending,PayPal,3187,3691,2025-01-01 17:41:33.704245,1509.46,Shipped,PayPal,6369
186,2974,402,2025-02-23 17:41:33.699458,1858.34,Pending,Bank Transfer,5133,4238,2024-08-26 17:41:33.707736,1995.52,Shipped,PayPal,1782
187,2997,6469,2024-07-25 17:41:33.699619,1386.1,Pending,Credit Card,1289,6016,2024-11-19 17:41:33.719206,690.98,Shipped,Bank Transfer,7465
188,3032,878,2024-10-17 17:41:33.699827,400.14,Pending,Bank Transfer,8729,1952,2024-08-15 17:41:33.693063,860.4,Shipped,Bank Transfer,5532
189,3077,6586,2024-06-08 17:41:33.700159,1837.84,Pending,PayPal,6747,5167,2024-05-27 17:41:33.713745,700.17,Shipped,Credit Card,6815
190,3079,5098,2024-08-24 17:41:33.700174,424.04,Pending,Bank Transfer,8034,9264,2024-10-27 17:41:33.739558,850.76,Shipped,Bank Transfer,3161
191,3084,6864,2024-06-05 17:41:33.700202,1611.13,Pending,Credit Card,373,2525,2024-10-26 17:41:33.696502,1814.87,Shipped,PayPal,3349
192,3108,305,2024-12-12 17:41:33.700359,1561.28,Pending,Credit Card,4092,8279,2024-04-05 17:41:33.733359,894.79,Shipped,Bank Transfer,8517
193,3168,1022,2024-11-11 17:41:33.700748,671.69,Pending,Credit Card,9308,8435,2024-11-28 17:41:33.734358,1378.88,Shipped,Bank Transfer,1258
194,3194,1724,2024-07-12 17:41:33.700907,1315.16,Pending,PayPal,1985,7238,2024-06-12 17:41:33.726771,741.4,Shipped,Bank Transfer,4019
195,3199,4763,2025-02-20 17:41:33.700949,1596.94,Pending,Credit Card,6152,9430,2024-11-11 17:41:33.740514,69.09,Shipped,Bank Transfer,379
196,3204,6245,2024-10-20 17:41:33.700978,796.0,Pending,Credit Card,2937,7332,2024-03-13 17:41:33.727486,662.05,Shipped,PayPal,3054
197,3231,746,2024-09-17 17:41:33.701168,1709.75,Pending,Credit Card,4456,709,2025-02-16 17:41:33.685492,428.98,Shipped,PayPal,1594
198,3237,9464,2024-03-05 17:41:33.701201,1385.98,Pending,Credit Card,7348,7180,2024-12-19 17:41:33.726416,724.84,Shipped,Bank Transfer,6583
199,3290,6892,2025-01-28 17:41:33.701583,312.44,Pending,PayPal,3852,710,2024-07-12 17:41:33.685502,74.02,Shipped,PayPal,9217
200,3290,6892,2025-01-28 17:41:33.701583,312.44,Pending,PayPal,3852,3955,2024-12-11 17:41:33.705915,1676.18,Shipped,Bank Transfer,4446
201,3290,6892,2025-01-28 17:41:33.701583,312.44,Pending,PayPal,3852,4931,2024-05-28 17:41:33.712230,674.82,Shipped,Bank Transfer,5310
202,3297,7064,2025-01-25 17:41:33.701621,275.09,Pending,Bank Transfer,2558,2009,2024-07-05 17:41:33.693422,1491.94,Shipped,PayPal,6328
203,3300,1163,2024-11-10 17:41:33.701644,125.51,Pending,Credit Card,7895,6656,2025-02-01 17:41:33.723119,176.04,Shipped,Credit Card,9280
204,3333,8762,2025-01-06 17:41:33.701850,1566.23,Pending,Credit Card,2499,200,2025-01-01 17:41:33.682410,1990.66,Shipped,Credit Card,3638
205,3354,1072,2025-01-11 17:41:33.701980,965.51,Pending,PayPal,327,8767,2025-02-12 17:41:33.736574,32.42,Shipped,Credit Card,1202
206,3355,4833,2025-02-24 17:41:33.701986,339.51,Pending,Credit Card,3742,6802,2024-03-14 17:41:33.724043,21.91,Shipped,PayPal,9671
207,3395,2992,2024-08-29 17:41:33.702256,1827.42,Pending,Bank Transfer,4599,9570,2024-05-10 17:41:33.741375,1493.41,Shipped,PayPal,9785
208,3404,3614,2025-01-11 17:41:33.702305,1415.92,Pending,PayPal,8367,9805,2024-10-15 17:41:33.742741,110.64,Shipped,PayPal,5891
209,3409,4676,2024-09-12 17:41:33.702332,1044.12,Pending,Bank Transfer,6267,4533,2024-06-14 17:41:33.709597,1782.89,Shipped,Credit Card,6575
210,3448,563,2024-11-28 17:41:33.702588,1794.76,Pending,Bank Transfer,5312,9818,2025-01-14 17:41:33.742826,579.88,Shipped,Credit Card,8680
211,3501,9478,2025-02-09 17:41:33.702920,81.77,Pending,PayPal,6076,4852,2024-04-18 17:41:33.711743,1691.56,Shipped,Credit Card,5196
212,3531,175,2024-03-29 17:41:33.703116,964.3,Pending,Credit Card,202,7255,2024-06-20 17:41:33.726879,1287.1,Shipped,PayPal,9913
213,3570,7406,2024-08-06 17:41:33.703405,348.77,Pending,Bank Transfer,9973,9801,2024-05-14 17:41:33.742717,1975.65,Shipped,Credit Card,5845
214,3581,1454,2024-12-16 17:41:33.703482,1710.99,Pending,Bank Transfer,4716,4261,2024-08-17 17:41:33.707882,1806.86,Shipped,Bank Transfer,624
215,3642,5697,2024-03-08 17:41:33.703870,379.0,Pending,Bank Transfer,6935,4147,2024-09-20 17:41:33.707167,247.11,Shipped,PayPal,2299
216,3645,9888,2025-01-18 17:41:33.703886,1929.34,Pending,Credit Card,8285,8132,2024-12-18 17:41:33.732487,630.11,Shipped,Credit Card,2417
217,3664,4414,2024-09-10 17:41:33.704063,710.94,Pending,Bank Transfer,7663,2985,2024-12-30 17:41:33.699536,1097.55,Shipped,PayPal,9331
218,3665,1247,2024-11-19 17:41:33.704072,55.2,Pending,Bank Transfer,9516,5585,2025-02-11 17:41:33.716439,609.29,Shipped,Credit Card,5033
219,3676,5389,2024-12-02 17:41:33.704140,1910.36,Pending,PayPal,3402,5910,2024-06-12 17:41:33.718525,1728.75,Shipped,PayPal,8792
220,3686,6679,2024-05-12 17:41:33.704211,1365.97,Pending,Bank Transfer,6598,865,2024-07-06 17:41:33.686424,373.73,Shipped,Bank Transfer,6309
221,3690,1333,2024-11-07 17:41:33.704236,599.28,Pending,Bank Transfer,3697,2823,2024-11-07 17:41:33.698432,1521.36,Shipped,Credit Card,7334
222,3690,1333,2024-11-07 17:41:33.704236,599.28,Pending,Bank Transfer,3697,3754,2024-08-10 17:41:33.704631,34.6,Shipped,Credit Card,5599
223,3703,366,2024-11-25 17:41:33.704316,1789.71,Pending,PayPal,6887,2271,2024-08-05 17:41:33.694976,1333.02,Shipped,PayPal,5824
224,3730,7345,2024-07-28 17:41:33.704483,1711.2,Pending,Bank Transfer,5875,7830,2024-07-09 17:41:33.730583,106.57,Shipped,PayPal,2362
225,3741,8742,2025-01-23 17:41:33.704560,1346.1,Pending,Credit Card,299,5516,2025-01-19 17:41:33.716018,849.59,Shipped,PayPal,7234
226,3761,5364,2024-03-02 17:41:33.704684,414.78,Pending,PayPal,4816,6039,2024-05-05 17:41:33.719383,1110.21,Shipped,Bank Transfer,8705
227,3774,2929,2024-03-17 17:41:33.704766,915.26,Pending,Bank Transfer,5918,9188,2024-05-03 17:41:33.739067,24.32,Shipped,Bank Transfer,7033
228,3798,4186,2024-10-02 17:41:33.704923,739.07,Pending,Credit Card,6834,1719,2024-11-27 17:41:33.691669,780.79,Shipped,Credit Card,5778
229,3805,5189,2024-09-23 17:41:33.704962,1106.74,Pending,Credit Card,4694,5999,2024-05-12 17:41:33.719068,817.57,Shipped,Credit Card,9201
230,3806,6502,2024-08-25 17:41:33.704971,194.56,Pending,Bank Transfer,1471,9598,2024-08-11 17:41:33.741552,1493.32,Shipped,Credit Card,506
231,3814,2051,2025-01-31 17:41:33.705026,1464.03,Pending,Bank Transfer,8998,7000,2025-01-09 17:41:33.725278,621.27,Shipped,Credit Card,8206
232,3827,6484,2024-10-08 17:41:33.705098,116.86,Pending,Credit Card,4814,9008,2024-10-20 17:41:33.738018,1317.37,Shipped,Credit Card,895
233,3838,539,2024-03-07 17:41:33.705174,1388.7,Pending,Bank Transfer,2553,2466,2024-03-25 17:41:33.696137,271.33,Shipped,Credit Card,2234
234,3841,3245,2024-07-16 17:41:33.705190,871.95,Pending,PayPal,7296,3610,2024-03-30 17:41:33.703667,1500.3,Shipped,Bank Transfer,6933
235,3844,1968,2025-02-16 17:41:33.705207,352.04,Pending,PayPal,6428,1251,2024-10-30 17:41:33.688865,1731.41,Shipped,PayPal,9674
236,3844,1968,2025-02-16 17:41:33.705207,352.04,Pending,PayPal,6428,7291,2024-10-08 17:41:33.727113,1800.48,Shipped,PayPal,7080
237,3859,5170,2024-12-13 17:41:33.705304,1026.35,Pending,PayPal,7881,8024,2024-04-23 17:41:33.731841,1079.93,Shipped,Bank Transfer,3841
238,3862,6247,2024-06-06 17:41:33.705328,1249.41,Pending,Credit Card,6966,9292,2024-04-14 17:41:33.739711,683.0,Shipped,Bank Transfer,6013
239,3878,2505,2024-09-06 17:41:33.705425,1710.34,Pending,Bank Transfer,6367,5822,2024-08-11 17:41:33.717961,1699.3,Shipped,Credit Card,9266
240,3885,8452,2024-08-26 17:41:33.705483,69.44,Pending,Bank Transfer,1135,6150,2024-12-15 17:41:33.720058,1946.58,Shipped,Credit Card,9589
241,3908,8055,2024-04-01 17:41:33.705624,103.53,Pending,Credit Card,373,2315,2024-06-19 17:41:33.695252,1518.02,Shipped,Bank Transfer,812
242,3940,1031,2024-04-16 17:41:33.705808,963.35,Pending,PayPal,9007,2305,2024-12-29 17:41:33.695198,1166.95,Shipped,PayPal,9446
243,3960,1857,2024-05-12 17:41:33.705944,1850.51,Pending,PayPal,648,4185,2025-02-01 17:41:33.707405,928.48,Shipped,Credit Card,1527
244,3969,5375,2024-07-14 17:41:33.706007,1468.87,Pending,PayPal,8409,7367,2024-09-01 17:41:33.727753,762.96,Shipped,PayPal,9770
245,3972,4073,2024-10-29 17:41:33.706024,1160.64,Pending,PayPal,598,9496,2024-10-02 17:41:33.740929,323.79,Shipped,Credit Card,4039
246,3975,8340,2024-11-05 17:41:33.706041,324.17,Pending,PayPal,2101,8865,2025-02-12 17:41:33.737167,773.26,Shipped,Credit Card,7033
247,3981,2290,2024-07-07 17:41:33.706088,1783.04,Pending,Bank Transfer,4051,5942,2024-08-21 17:41:33.718711,1377.74,Shipped,Bank Transfer,9822
248,3983,3633,2024-12-19 17:41:33.706099,473.8,Pending,Credit Card,341,75,2025-02-06 17:41:33.681637,909.69,Shipped,Credit Card,1883
249,3996,1760,2025-02-17 17:41:33.706169,565.12,Pending,PayPal,1564,4423,2024-08-04 17:41:33.708904,57.75,Shipped,Credit Card,1504
250,4011,6967,2024-08-07 17:41:33.706267,1814.68,Pending,Credit Card,1904,7062,2024-04-03 17:41:33.725682,149.67,Shipped,Bank Transfer,4170
251,4013,499,2025-01-25 17:41:33.706278,710.86,Pending,PayPal,6345,573,2025-01-30 17:41:33.684694,1570.12,Shipped,Bank Transfer,3955
252,4059,4118,2024-03-18 17:41:33.706583,1448.76,Pending,Bank Transfer,5040,7816,2024-12-23 17:41:33.730503,1560.14,Shipped,Bank Transfer,9892
253,4059,4118,2024-03-18 17:41:33.706583,1448.76,Pending,Bank Transfer,5040,8287,2024-08-11 17:41:33.733403,961.15,Shipped,PayPal,1482
254,4110,901,2024-05-03 17:41:33.706889,1037.11,Pending,Credit Card,7085,6931,2024-08-15 17:41:33.724842,198.49,Shipped,PayPal,8064
255,4110,901,2024-05-03 17:41:33.706889,1037.11,Pending,Credit Card,7085,7001,2024-09-16 17:41:33.725283,1817.98,Shipped,PayPal,4440
256,4121,7638,2024-11-30 17:41:33.706964,262.21,Pending,Bank Transfer,6097,8354,2024-05-01 17:41:33.733814,1564.37,Shipped,Credit Card,6284
257,4121,7638,2024-11-30 17:41:33.706964,262.21,Pending,Bank Transfer,6097,9032,2025-02-13 17:41:33.738149,1674.18,Shipped,Credit Card,4713
258,4138,9037,2024-08-17 17:41:33.707090,1972.26,Pending,Credit Card,2843,5416,2024-11-07 17:41:33.715383,253.53,Shipped,PayPal,5646
259,4178,2366,2024-04-30 17:41:33.707352,296.49,Pending,Credit Card,572,7883,2024-04-24 17:41:33.730932,1775.98,Shipped,PayPal,4247
260,4188,3785,2024-07-06 17:41:33.707422,219.33,Pending,Bank Transfer,6069,3893,2024-09-11 17:41:33.705527,1894.61,Shipped,Bank Transfer,2182
261,4191,8981,2024-03-08 17:41:33.707438,1983.56,Pending,Bank Transfer,1702,2887,2024-06-09 17:41:33.698842,1815.41,Shipped,Bank Transfer,1839
262,4211,6338,2024-07-23 17:41:33.707558,1090.53,Pending,Bank Transfer,6469,7362,2024-09-23 17:41:33.727726,205.87,Shipped,Credit Card,1365
263,4227,7534,2024-07-19 17:41:33.707673,600.07,Pending,Bank Transfer,1383,4334,2024-03-16 17:41:33.708336,1850.6,Shipped,Bank Transfer,272
264,4227,7534,2024-07-19 17:41:33.707673,600.07,Pending,Bank Transfer,1383,9051,2025-01-19 17:41:33.738277,1494.67,Shipped,Credit Card,5144
265,4240,4215,2025-02-25 17:41:33.707754,1929.44,Pending,PayPal,364,1777,2024-09-25 17:41:33.692005,117.33,Shipped,Credit Card,4106
266,4255,6662,2024-11-22 17:41:33.707840,594.88,Pending,Credit Card,3225,3842,2024-09-02 17:41:33.705196,95.18,Shipped,PayPal,1974
267,4262,9630,2024-11-06 17:41:33.707891,830.61,Pending,Credit Card,7389,6897,2024-08-06 17:41:33.724630,325.55,Shipped,Credit Card,4728
268,4270,6777,2024-03-24 17:41:33.707942,1671.56,Pending,Credit Card,1585,474,2024-03-11 17:41:33.684087,1142.12,Shipped,Credit Card,2082
269,4270,6777,2024-03-24 17:41:33.707942,1671.56,Pending,Credit Card,1585,6716,2024-12-17 17:41:33.723549,1736.72,Shipped,PayPal,5470
270,4285,4612,2024-11-18 17:41:33.708035,1218.47,Pending,Credit Card,7510,63,2024-05-23 17:41:33.681570,307.44,Shipped,PayPal,2966
271,4308,2980,2024-11-26 17:41:33.708177,1124.67,Pending,PayPal,2181,9867,2025-02-03 17:41:33.743103,206.39,Shipped,Credit Card,7777
272,4312,474,2024-04-02 17:41:33.708203,178.67,Pending,Credit Card,5462,6854,2024-05-04 17:41:33.724372,1709.14,Shipped,Bank Transfer,2132
273,4319,5118,2024-04-18 17:41:33.708253,944.55,Pending,PayPal,8268,5250,2025-01-09 17:41:33.714283,520.44,Shipped,PayPal,6410
274,4319,5118,2024-04-18 17:41:33.708253,944.55,Pending,PayPal,8268,7819,2024-07-24 17:41:33.730523,586.84,Shipped,Bank Transfer,5130
275,4365,2711,2024-12-11 17:41:33.708536,1599.77,Pending,Bank Transfer,1206,5041,2025-01-07 17:41:33.712938,1034.24,Shipped,Credit Card,1586
276,4485,2026,2024-08-06 17:41:33.709294,717.33,Pending,PayPal,3860,846,2024-11-13 17:41:33.686317,784.28,Shipped,PayPal,1592
277,4521,3614,2024-06-19 17:41:33.709512,571.14,Pending,Credit Card,2958,9805,2024-10-15 17:41:33.742741,110.64,Shipped,PayPal,5891
278,4578,5187,2024-08-25 17:41:33.709881,1653.43,Pending,Credit Card,505,2326,2025-02-20 17:41:33.695329,405.0,Shipped,PayPal,1947
279,4591,4862,2024-04-16 17:41:33.709972,465.95,Pending,Bank Transfer,576,5644,2024-05-19 17:41:33.716801,831.33,Shipped,Credit Card,1453
280,4611,1024,2024-06-13 17:41:33.710096,713.22,Pending,Bank Transfer,265,3760,2025-01-26 17:41:33.704674,418.76,Shipped,PayPal,4399
281,4622,967,2024-11-07 17:41:33.710184,1701.34,Pending,Bank Transfer,6888,6880,2025-01-15 17:41:33.724537,1162.91,Shipped,Credit Card,5914
282,4622,967,2024-11-07 17:41:33.710184,1701.34,Pending,Bank Transfer,6888,8818,2024-12-01 17:41:33.736892,1923.34,Shipped,PayPal,5185
283,4623,6099,2024-07-02 17:41:33.710189,1394.87,Pending,Credit Card,7400,8170,2024-03-02 17:41:33.732709,1626.43,Shipped,Credit Card,5504
284,4649,4581,2024-06-09 17:41:33.710371,1139.21,Pending,Credit Card,8656,2329,2024-05-23 17:41:33.695346,1299.11,Shipped,PayPal,449
285,4651,7498,2024-09-18 17:41:33.710388,437.54,Pending,Credit Card,2522,2933,2024-04-10 17:41:33.699164,136.06,Shipped,PayPal,2791
286,4693,6774,2024-08-29 17:41:33.710647,1096.12,Pending,PayPal,360,8959,2024-05-06 17:41:33.737707,1757.99,Shipped,Credit Card,7374
287,4697,1493,2025-01-17 17:41:33.710669,348.04,Pending,PayPal,8187,6830,2024-06-13 17:41:33.724223,1302.23,Shipped,Bank Transfer,9844
288,4703,4529,2024-07-01 17:41:33.710701,1332.55,Pending,Credit Card,3889,743,2024-03-22 17:41:33.685702,1399.72,Shipped,Bank Transfer,3584
289,4723,7091,2025-02-10 17:41:33.710840,658.92,Pending,Bank Transfer,1773,7454,2024-03-24 17:41:33.728332,1184.16,Shipped,Bank Transfer,9761
290,4756,9192,2024-05-30 17:41:33.711047,505.72,Pending,Bank Transfer,1263,3176,2024-09-25 17:41:33.700793,1177.45,Shipped,Credit Card,5156
291,4784,4090,2024-03-03 17:41:33.711308,937.78,Pending,Credit Card,6174,7236,2024-09-28 17:41:33.726760,356.38,Shipped,PayPal,180
292,4818,817,2024-03-31 17:41:33.711528,1310.61,Pending,Bank Transfer,7689,7575,2025-02-02 17:41:33.729064,1313.39,Shipped,PayPal,9126
293,4819,5775,2024-06-11 17:41:33.711533,1926.65,Pending,Bank Transfer,1054,2069,2024-10-06 17:41:33.693780,1698.59,Shipped,Credit Card,2510
294,4828,6794,2024-06-29 17:41:33.711583,1656.59,Pending,PayPal,3951,1181,2024-09-17 17:41:33.688437,21.53,Shipped,Bank Transfer,5722
295,4831,5636,2024-11-28 17:41:33.711606,498.23,Pending,Bank Transfer,212,37,2024-08-27 17:41:33.681406,102.23,Shipped,Credit Card,1693
296,4835,4354,2024-11-21 17:41:33.711635,899.69,Pending,Credit Card,872,8904,2024-07-27 17:41:33.737393,770.85,Shipped,Bank Transfer,9705
297,4898,2316,2024-04-27 17:41:33.712032,814.17,Pending,Bank Transfer,7491,7595,2024-06-16 17:41:33.729187,281.13,Shipped,Bank Transfer,4900
298,4911,8290,2024-06-08 17:41:33.712121,841.5,Pending,Credit Card,8395,2577,2024-07-03 17:41:33.696821,443.61,Shipped,Bank Transfer,3235
299,4911,8290,2024-06-08 17:41:33.712121,841.5,Pending,Credit Card,8395,7020,2024-10-10 17:41:33.725417,1901.21,Shipped,PayPal,1261
300,4922,608,2024-03-06 17:41:33.712182,565.76,Pending,PayPal,5193,5998,2024-09-09 17:41:33.719063,1697.08,Shipped,PayPal,1146
301,4926,7800,2024-08-11 17:41:33.712203,64.47,Pending,Bank Transfer,8997,6567,2025-02-24 17:41:33.722569,791.23,Shipped,Bank Transfer,7305
302,4929,9573,2024-04-19 17:41:33.712219,373.87,Pending,Bank Transfer,9733,8792,2025-01-18 17:41:33.736730,1122.72,Shipped,Bank Transfer,4098
303,4954,1915,2024-03-10 17:41:33.712384,1205.81,Pending,Credit Card,222,9978,2024-07-25 17:41:33.743754,163.15,Shipped,PayPal,1225
304,5010,6425,2025-02-24 17:41:33.712739,1502.25,Pending,Bank Transfer,8630,1548,2024-09-01 17:41:33.690616,1575.21,Shipped,Credit Card,104
305,5028,8690,2024-06-07 17:41:33.712856,345.73,Pending,Bank Transfer,4062,5648,2024-04-17 17:41:33.716835,143.61,Shipped,Credit Card,7885
306,5070,3272,2024-08-16 17:41:33.713124,1882.94,Pending,Bank Transfer,4557,9383,2024-04-11 17:41:33.740239,457.71,Shipped,Bank Transfer,6182
307,5095,5070,2024-11-24 17:41:33.713291,1416.67,Pending,Bank Transfer,9742,1047,2024-09-01 17:41:33.687557,1759.83,Shipped,PayPal,1401
308,5095,5070,2024-11-24 17:41:33.713291,1416.67,Pending,Bank Transfer,9742,3823,2024-06-17 17:41:33.705076,236.5,Shipped,Credit Card,9515
309,5105,6927,2024-12-07 17:41:33.713346,373.87,Pending,PayPal,1357,6549,2024-05-17 17:41:33.722452,1436.18,Shipped,PayPal,8201
310,5126,8579,2024-09-19 17:41:33.713491,1941.89,Pending,Credit Card,9610,1109,2024-08-22 17:41:33.687993,1587.55,Shipped,Bank Transfer,3388
311,5128,7456,2024-09-08 17:41:33.713509,1883.56,Pending,Credit Card,1505,566,2024-06-01 17:41:33.684645,1505.75,Shipped,PayPal,5223
312,5129,5156,2024-07-10 17:41:33.713519,1654.96,Pending,PayPal,4581,6055,2024-06-14 17:41:33.719473,1073.55,Shipped,Bank Transfer,6435
313,5150,4772,2025-02-07 17:41:33.713651,1799.92,Pending,Bank Transfer,8345,5266,2024-06-22 17:41:33.714369,213.85,Shipped,PayPal,5881
314,5184,6919,2025-01-27 17:41:33.713868,184.85,Pending,PayPal,1556,1948,2024-06-14 17:41:33.693042,160.0,Shipped,Credit Card,5021
315,5226,1480,2024-08-04 17:41:33.714129,580.19,Pending,PayPal,7950,4757,2024-05-26 17:41:33.711052,940.19,Shipped,Bank Transfer,3691
316,5273,4221,2025-01-27 17:41:33.714407,1173.28,Pending,PayPal,5571,5271,2024-05-03 17:41:33.714396,1964.44,Shipped,PayPal,1912
317,5283,7856,2024-09-08 17:41:33.714479,533.93,Pending,Bank Transfer,3562,1450,2024-07-30 17:41:33.690037,1608.1,Shipped,Bank Transfer,2621
318,5302,8274,2024-09-12 17:41:33.714605,1790.69,Pending,Bank Transfer,3023,8729,2024-12-06 17:41:33.736367,769.86,Shipped,PayPal,9956
319,5360,4204,2025-01-29 17:41:33.714969,1701.03,Pending,PayPal,5909,4189,2024-05-25 17:41:33.707427,410.98,Shipped,Bank Transfer,261
320,5365,8363,2024-11-14 17:41:33.714995,1968.32,Pending,Bank Transfer,1406,9510,2024-03-24 17:41:33.741006,729.51,Shipped,Bank Transfer,738
321,5378,471,2024-12-13 17:41:33.715078,180.62,Pending,Bank Transfer,8703,7871,2024-04-15 17:41:33.730848,1324.11,Shipped,Bank Transfer,6114
322,5385,8293,2024-12-19 17:41:33.715117,1726.43,Pending,PayPal,1647,8552,2024-10-28 17:41:33.735067,920.59,Shipped,Bank Transfer,2210
323,5391,4833,2025-02-19 17:41:33.715185,805.42,Pending,PayPal,6970,6802,2024-03-14 17:41:33.724043,21.91,Shipped,PayPal,9671
324,5408,4362,2025-01-04 17:41:33.715336,1670.64,Pending,PayPal,4834,225,2024-07-20 17:41:33.682564,1874.72,Shipped,Credit Card,4170
325,5434,502,2024-07-16 17:41:33.715483,446.3,Pending,Credit Card,6820,7601,2024-09-18 17:41:33.729220,544.22,Shipped,PayPal,1273
326,5451,8118,2024-04-07 17:41:33.715604,372.46,Pending,PayPal,4259,9631,2024-05-03 17:41:33.741752,139.54,Shipped,PayPal,2160
327,5472,3879,2024-05-19 17:41:33.715738,1783.8,Pending,PayPal,801,4907,2024-06-05 17:41:33.712099,1406.24,Shipped,Bank Transfer,1042
328,5484,1796,2024-11-26 17:41:33.715816,923.16,Pending,PayPal,5594,4127,2024-06-14 17:41:33.707010,1836.27,Shipped,Credit Card,4584
329,5484,1796,2024-11-26 17:41:33.715816,923.16,Pending,PayPal,5594,9829,2024-04-15 17:41:33.742887,1346.74,Shipped,Credit Card,4102
330,5504,3350,2024-09-29 17:41:33.715941,1287.45,Pending,Bank Transfer,3063,4580,2024-10-05 17:41:33.709898,91.3,Shipped,Bank Transfer,828
331,5534,5046,2024-11-30 17:41:33.716123,45.79,Pending,Credit Card,5617,4430,2025-01-13 17:41:33.708942,1119.84,Shipped,Bank Transfer,2486
332,5551,8250,2024-10-29 17:41:33.716227,1169.62,Pending,PayPal,7193,1951,2024-12-31 17:41:33.693058,1983.21,Shipped,Credit Card,2907
333,5559,7584,2024-12-21 17:41:33.716269,676.87,Pending,Credit Card,9214,4905,2024-07-04 17:41:33.712086,1635.67,Shipped,Bank Transfer,3977
334,5576,1254,2024-09-22 17:41:33.716378,954.45,Pending,Bank Transfer,2861,2999,2025-01-29 17:41:33.699630,290.03,Shipped,Bank Transfer,8914
335,5579,101,2024-07-08 17:41:33.716405,1476.08,Pending,PayPal,6139,6200,2024-08-21 17:41:33.720336,634.49,Shipped,Credit Card,8930
336,5581,9412,2024-08-30 17:41:33.716417,78.02,Pending,Bank Transfer,6694,5780,2024-04-03 17:41:33.717654,367.44,Shipped,PayPal,7550
337,5611,8642,2024-03-04 17:41:33.716582,1483.82,Pending,Credit Card,815,4296,2024-03-01 17:41:33.708096,628.3,Shipped,Credit Card,6159
338,5649,7670,2024-08-21 17:41:33.716843,1323.14,Pending,PayPal,6061,3428,2024-11-09 17:41:33.702453,945.85,Shipped,Credit Card,3372
339,5665,9179,2024-11-26 17:41:33.716929,1453.15,Pending,Bank Transfer,9767,8629,2024-11-02 17:41:33.735718,1587.31,Shipped,Credit Card,9907
340,5668,8959,2025-01-25 17:41:33.716946,856.54,Pending,PayPal,842,8441,2024-09-18 17:41:33.734390,1367.63,Shipped,Credit Card,7135
341,5691,8714,2025-01-14 17:41:33.717107,279.0,Pending,Credit Card,717,5367,2024-09-19 17:41:33.715006,1250.98,Shipped,PayPal,5574
342,5708,7828,2024-04-19 17:41:33.717199,1154.31,Pending,Bank Transfer,3259,4298,2024-08-07 17:41:33.708115,894.76,Shipped,Bank Transfer,9286
343,5708,7828,2024-04-19 17:41:33.717199,1154.31,Pending,Bank Transfer,3259,5740,2025-01-08 17:41:33.717386,481.84,Shipped,Bank Transfer,4416
344,5715,3318,2024-10-10 17:41:33.717248,674.42,Pending,Bank Transfer,3939,8695,2025-02-07 17:41:33.736145,973.23,Shipped,Bank Transfer,9752
345,5732,4772,2024-03-09 17:41:33.717342,582.77,Pending,Credit Card,4420,5266,2024-06-22 17:41:33.714369,213.85,Shipped,PayPal,5881
346,5751,9228,2025-01-29 17:41:33.717467,724.44,Pending,PayPal,7147,1013,2024-07-10 17:41:33.687368,492.01,Shipped,Credit Card,6050
347,5763,1502,2024-07-24 17:41:33.717560,100.92,Pending,Credit Card,5325,2958,2024-03-18 17:41:33.699359,963.07,Shipped,PayPal,5754
348,5794,679,2024-11-08 17:41:33.717759,533.32,Pending,Bank Transfer,234,7232,2024-05-24 17:41:33.726738,1386.42,Shipped,PayPal,1902
349,5827,4687,2024-05-08 17:41:33.717988,1481.6,Pending,PayPal,4139,8273,2024-07-28 17:41:33.733327,210.87,Shipped,Bank Transfer,5724
350,5831,4728,2024-03-02 17:41:33.718010,1735.33,Pending,PayPal,5033,6458,2024-11-28 17:41:33.721877,1632.15,Shipped,PayPal,3761
351,5855,2839,2024-06-24 17:41:33.718146,705.58,Pending,PayPal,6898,1340,2024-10-06 17:41:33.689397,311.48,Shipped,Credit Card,1326
352,5868,9144,2024-05-03 17:41:33.718229,1826.86,Pending,PayPal,8002,7242,2024-11-06 17:41:33.726793,1317.89,Shipped,PayPal,2074
353,5868,9144,2024-05-03 17:41:33.718229,1826.86,Pending,PayPal,8002,7434,2025-02-04 17:41:33.728224,1383.88,Shipped,Bank Transfer,7247
354,5890,5526,2025-02-11 17:41:33.718396,1972.7,Pending,Credit Card,7158,8106,2024-06-03 17:41:33.732316,143.92,Shipped,PayPal,9258
355,5952,7670,2024-06-20 17:41:33.718776,1467.47,Pending,Bank Transfer,6059,3428,2024-11-09 17:41:33.702453,945.85,Shipped,Credit Card,3372
356,5953,8798,2024-10-23 17:41:33.718782,1240.47,Pending,PayPal,512,1341,2024-03-28 17:41:33.689402,1118.61,Shipped,Bank Transfer,7840
357,5953,8798,2024-10-23 17:41:33.718782,1240.47,Pending,PayPal,512,5944,2024-09-14 17:41:33.718722,63.61,Shipped,PayPal,4340
358,6018,7178,2024-06-01 17:41:33.719228,584.83,Pending,PayPal,2655,2071,2024-08-01 17:41:33.693792,1576.29,Shipped,Bank Transfer,2122
359,6024,3104,2024-05-28 17:41:33.719283,484.03,Pending,Bank Transfer,1294,7021,2024-06-03 17:41:33.725426,1926.47,Shipped,PayPal,5636
360,6062,608,2024-03-04 17:41:33.719511,412.12,Pending,Bank Transfer,3730,5998,2024-09-09 17:41:33.719063,1697.08,Shipped,PayPal,1146
361,6079,8459,2024-09-15 17:41:33.719615,1518.54,Pending,Bank Transfer,6178,1994,2025-01-11 17:41:33.693325,1209.11,Shipped,PayPal,7188
362,6094,3991,2024-05-02 17:41:33.719697,817.94,Pending,Credit Card,5775,9639,2024-08-14 17:41:33.741796,895.89,Shipped,Credit Card,9483
363,6098,9873,2024-12-19 17:41:33.719719,977.13,Pending,Credit Card,2710,6226,2024-04-21 17:41:33.720504,790.07,Shipped,Bank Transfer,2558
364,6116,3385,2024-07-24 17:41:33.719845,186.84,Pending,Credit Card,7790,337,2025-02-04 17:41:33.683266,1630.78,Shipped,Credit Card,1634
365,6116,3385,2024-07-24 17:41:33.719845,186.84,Pending,Credit Card,7790,7728,2024-09-02 17:41:33.729969,209.02,Shipped,Credit Card,9327
366,6146,6979,2024-03-13 17:41:33.720027,1451.34,Pending,Bank Transfer,5144,8570,2024-08-04 17:41:33.735356,538.0,Shipped,PayPal,8314
367,6201,4,2024-09-12 17:41:33.720342,105.31,Pending,Bank Transfer,229,9661,2024-07-01 17:41:33.741917,914.72,Shipped,Credit Card,4902
368,6252,1589,2024-12-30 17:41:33.720672,264.19,Pending,PayPal,1947,8323,2024-12-27 17:41:33.733643,1268.81,Shipped,PayPal,3477
369,6300,2734,2024-07-09 17:41:33.720958,565.64,Pending,Bank Transfer,1535,6861,2024-07-28 17:41:33.724433,290.74,Shipped,PayPal,8885
370,6310,3916,2025-01-13 17:41:33.721013,1895.76,Pending,Credit Card,8241,3498,2025-02-04 17:41:33.702904,1227.03,Shipped,PayPal,3148
371,6326,7867,2025-01-28 17:41:33.721121,301.97,Pending,Credit Card,2294,4096,2024-08-21 17:41:33.706801,1528.76,Shipped,PayPal,1038
372,6337,178,2024-06-27 17:41:33.721195,625.72,Pending,Bank Transfer,353,991,2024-05-25 17:41:33.687246,1863.82,Shipped,Credit Card,9336
373,6337,178,2024-06-27 17:41:33.721195,625.72,Pending,Bank Transfer,353,1624,2024-09-10 17:41:33.691067,628.68,Shipped,PayPal,7167
374,6349,1418,2024-10-29 17:41:33.721261,1220.69,Pending,PayPal,1458,9740,2024-09-09 17:41:33.742375,911.93,Shipped,Credit Card,6138
375,6373,9982,2024-03-18 17:41:33.721391,1983.16,Pending,PayPal,8773,962,2024-05-02 17:41:33.687049,518.75,Shipped,Credit Card,5851
376,6383,3757,2024-09-24 17:41:33.721462,1403.05,Pending,Credit Card,5932,3078,2024-10-23 17:41:33.700168,1124.81,Shipped,Credit Card,1589
377,6444,1521,2024-11-08 17:41:33.721801,200.63,Pending,Bank Transfer,8782,5959,2024-11-18 17:41:33.718814,225.85,Shipped,Bank Transfer,8293
378,6493,9228,2024-04-01 17:41:33.722081,450.92,Pending,PayPal,7609,1013,2024-07-10 17:41:33.687368,492.01,Shipped,Credit Card,6050
379,6498,6818,2024-09-19 17:41:33.722117,1358.74,Pending,Credit Card,2317,6346,2024-11-15 17:41:33.721245,1426.98,Shipped,Credit Card,625
380,6540,1239,2024-04-26 17:41:33.722402,54.66,Pending,Credit Card,5436,6167,2024-08-13 17:41:33.720157,1755.94,Shipped,PayPal,2130
381,6578,827,2024-12-22 17:41:33.722644,161.39,Pending,Bank Transfer,7028,2181,2024-05-07 17:41:33.694454,674.55,Shipped,Credit Card,1301
382,6603,2992,2024-04-26 17:41:33.722813,591.65,Pending,PayPal,3480,9570,2024-05-10 17:41:33.741375,1493.41,Shipped,PayPal,9785
383,6605,5220,2024-05-30 17:41:33.722824,1128.0,Pending,Credit Card,899,2112,2024-04-22 17:41:33.694026,1593.62,Shipped,Credit Card,8517
384,6618,4572,2024-07-01 17:41:33.722896,1150.94,Pending,PayPal,8682,7629,2024-07-20 17:41:33.729390,502.47,Shipped,PayPal,605
385,6619,5340,2024-04-11 17:41:33.722902,1365.49,Pending,PayPal,4871,6026,2025-02-21 17:41:33.719302,444.91,Shipped,Credit Card,6978
386,6632,3208,2024-06-20 17:41:33.722976,1833.24,Pending,Bank Transfer,9991,1657,2024-09-09 17:41:33.691309,1154.9,Shipped,Bank Transfer,3376
387,6637,6867,2024-06-04 17:41:33.723003,693.38,Pending,Bank Transfer,179,9446,2024-07-04 17:41:33.740613,44.44,Shipped,Bank Transfer,3438
388,6651,5508,2024-10-09 17:41:33.723091,1728.07,Pending,Bank Transfer,2903,5000,2024-11-25 17:41:33.712672,170.29,Shipped,PayPal,2171
389,6652,1923,2024-03-20 17:41:33.723096,1786.81,Pending,PayPal,2408,7260,2024-09-26 17:41:33.726907,618.52,Shipped,Bank Transfer,5156
390,6672,7812,2024-03-19 17:41:33.723276,726.88,Pending,Bank Transfer,3133,7654,2024-12-24 17:41:33.729530,1219.92,Shipped,Credit Card,5479
391,6673,2174,2024-05-24 17:41:33.723285,1789.62,Pending,PayPal,3021,8104,2024-03-28 17:41:33.732305,764.84,Shipped,PayPal,294
392,6718,679,2024-04-21 17:41:33.723561,868.81,Pending,PayPal,5937,7232,2024-05-24 17:41:33.726738,1386.42,Shipped,PayPal,1902
393,6735,643,2025-02-09 17:41:33.723676,270.77,Pending,Bank Transfer,9663,2607,2024-10-12 17:41:33.696990,1760.66,Shipped,PayPal,9063
394,6742,9733,2024-05-08 17:41:33.723718,549.0,Pending,Credit Card,6563,431,2024-03-29 17:41:33.683834,1356.53,Shipped,Bank Transfer,2402
395,6783,2860,2025-02-12 17:41:33.723940,103.54,Pending,PayPal,5222,9448,2024-07-09 17:41:33.740629,193.48,Shipped,PayPal,287
396,6783,2860,2025-02-12 17:41:33.723940,103.54,Pending,PayPal,5222,9997,2024-08-21 17:41:33.743872,296.12,Shipped,PayPal,6076
397,6806,865,2024-09-17 17:41:33.724065,1920.92,Pending,PayPal,1874,2038,2024-04-16 17:41:33.693585,507.74,Shipped,Credit Card,3857
398,6809,548,2025-01-18 17:41:33.724081,368.48,Pending,Bank Transfer,7606,8494,2024-10-15 17:41:33.734722,1388.63,Shipped,Credit Card,4478
399,6812,7107,2024-08-16 17:41:33.724100,1314.69,Pending,Credit Card,3973,5194,2024-05-20 17:41:33.713923,1327.76,Shipped,Bank Transfer,8259
400,6815,4325,2024-05-03 17:41:33.724127,948.2,Pending,Bank Transfer,4273,8164,2024-05-06 17:41:33.732676,575.62,Shipped,Bank Transfer,3612
401,6858,7431,2024-05-30 17:41:33.724409,29.67,Pending,PayPal,2025,2295,2025-01-22 17:41:33.695109,385.95,Shipped,Bank Transfer,1180
402,6881,8924,2025-02-02 17:41:33.724543,1266.23,Pending,Credit Card,5059,9990,2024-09-04 17:41:33.743826,726.86,Shipped,Credit Card,4843
403,6900,6679,2024-11-17 17:41:33.724646,1758.15,Pending,Credit Card,7109,865,2024-07-06 17:41:33.686424,373.73,Shipped,Bank Transfer,6309
404,6907,6650,2024-11-03 17:41:33.724699,1217.17,Pending,Bank Transfer,9145,2331,2025-02-25 17:41:33.695357,241.03,Shipped,PayPal,9778
405,6907,6650,2024-11-03 17:41:33.724699,1217.17,Pending,Bank Transfer,9145,6083,2024-10-16 17:41:33.719637,289.88,Shipped,Bank Transfer,2640
406,6944,1968,2024-05-25 17:41:33.724914,42.99,Pending,Bank Transfer,9839,1251,2024-10-30 17:41:33.688865,1731.41,Shipped,PayPal,9674
407,6944,1968,2024-05-25 17:41:33.724914,42.99,Pending,Bank Transfer,9839,7291,2024-10-08 17:41:33.727113,1800.48,Shipped,PayPal,7080
408,6952,6384,2024-11-21 17:41:33.724964,1468.6,Pending,Credit Card,8021,954,2024-07-31 17:41:33.687006,1813.56,Shipped,Bank Transfer,7688
409,6952,6384,2024-11-21 17:41:33.724964,1468.6,Pending,Credit Card,8021,8539,2024-05-18 17:41:33.734992,1072.96,Shipped,PayPal,3462
410,7051,1775,2024-05-09 17:41:33.725622,1040.84,Pending,PayPal,3772,1953,2024-09-17 17:41:33.693069,1428.82,Shipped,PayPal,3970
411,7066,5189,2024-07-01 17:41:33.725704,928.41,Pending,Credit Card,8235,5999,2024-05-12 17:41:33.719068,817.57,Shipped,Credit Card,9201
412,7076,3884,2024-09-05 17:41:33.725775,469.33,Pending,PayPal,8246,5527,2025-01-27 17:41:33.716085,1534.07,Shipped,PayPal,1074
413,7083,1561,2025-02-16 17:41:33.725814,1572.29,Pending,Bank Transfer,5499,7015,2024-09-02 17:41:33.725360,303.25,Shipped,Bank Transfer,3361
414,7086,8880,2024-12-22 17:41:33.725830,1544.05,Pending,Credit Card,4844,5130,2024-07-30 17:41:33.713527,1112.87,Shipped,PayPal,5774
415,7086,8880,2024-12-22 17:41:33.725830,1544.05,Pending,Credit Card,4844,6557,2024-10-09 17:41:33.722496,279.59,Shipped,Bank Transfer,8598
416,7169,1213,2024-08-08 17:41:33.726356,1322.6,Pending,Credit Card,5157,5604,2024-12-15 17:41:33.716541,972.18,Shipped,Bank Transfer,2665
417,7175,2127,2025-01-09 17:41:33.726389,461.2,Pending,Bank Transfer,8351,9472,2024-05-13 17:41:33.740786,116.87,Shipped,Bank Transfer,6637
418,7227,1239,2024-04-16 17:41:33.726710,1921.74,Pending,Credit Card,6136,6167,2024-08-13 17:41:33.720157,1755.94,Shipped,PayPal,2130
419,7252,6641,2025-02-22 17:41:33.726863,124.4,Pending,Bank Transfer,7187,7126,2025-01-29 17:41:33.726093,1460.29,Shipped,Bank Transfer,33
420,7263,6089,2024-11-03 17:41:33.726923,1590.82,Pending,Bank Transfer,2973,1489,2025-01-02 17:41:33.690278,419.15,Shipped,Bank Transfer,8325
421,7275,9873,2025-02-05 17:41:33.727008,1741.88,Pending,PayPal,9152,6226,2024-04-21 17:41:33.720504,790.07,Shipped,Bank Transfer,2558
422,7310,847,2024-03-12 17:41:33.727296,516.27,Pending,Credit Card,6364,5311,2024-05-30 17:41:33.714654,1886.87,Shipped,Bank Transfer,113
423,7360,6739,2024-10-17 17:41:33.727708,1738.73,Pending,PayPal,5541,6029,2024-07-14 17:41:33.719320,339.3,Shipped,Bank Transfer,3102
424,7365,8233,2024-09-12 17:41:33.727742,85.38,Pending,Bank Transfer,6563,4276,2025-01-19 17:41:33.707977,1471.06,Shipped,Credit Card,6029
425,7376,5729,2024-07-22 17:41:33.727803,1860.16,Pending,Credit Card,4325,3751,2024-04-15 17:41:33.704614,57.69,Shipped,Bank Transfer,5243
426,7386,151,2024-03-13 17:41:33.727858,727.95,Pending,Credit Card,5960,950,2024-05-29 17:41:33.686983,1890.66,Shipped,Credit Card,8878
427,7386,151,2024-03-13 17:41:33.727858,727.95,Pending,Credit Card,5960,4358,2024-10-16 17:41:33.708498,814.78,Shipped,PayPal,8628
428,7429,2625,2024-03-20 17:41:33.728196,386.07,Pending,Bank Transfer,9409,8412,2025-02-01 17:41:33.734217,1160.83,Shipped,Credit Card,6362
429,7465,3784,2024-11-30 17:41:33.728416,872.12,Pending,Bank Transfer,4767,9578,2024-07-24 17:41:33.741419,1294.42,Shipped,Bank Transfer,3386
430,7473,7531,2024-07-31 17:41:33.728472,637.7,Pending,Credit Card,4767,2819,2024-10-10 17:41:33.698410,1795.14,Shipped,Bank Transfer,2778
431,7512,6115,2024-06-10 17:41:33.728700,837.99,Pending,Credit Card,8241,9181,2024-09-11 17:41:33.739029,1555.64,Shipped,Credit Card,1289
432,7523,3945,2024-11-21 17:41:33.728783,71.44,Pending,Bank Transfer,5603,3552,2024-05-05 17:41:33.703299,451.17,Shipped,PayPal,9477
433,7529,6050,2024-06-29 17:41:33.728815,604.55,Pending,Bank Transfer,1585,25,2024-10-12 17:41:33.681339,1711.27,Shipped,Bank Transfer,6665
434,7553,5880,2025-02-26 17:41:33.728945,1507.51,Pending,Credit Card,2902,5558,2024-09-08 17:41:33.716264,1172.19,Shipped,Bank Transfer,582
435,7594,6673,2024-11-05 17:41:33.729182,1894.63,Pending,PayPal,2627,4595,2024-10-07 17:41:33.709994,1104.55,Shipped,PayPal,5176
436,7596,8649,2024-07-06 17:41:33.729193,566.03,Pending,Credit Card,3338,1571,2024-04-07 17:41:33.690742,1170.35,Shipped,Bank Transfer,3708
437,7603,9519,2024-05-30 17:41:33.729239,1235.14,Pending,Credit Card,3696,3400,2024-09-15 17:41:33.702284,162.66,Shipped,PayPal,5517
438,7646,1208,2024-06-08 17:41:33.729481,1622.08,Pending,Credit Card,2769,1307,2024-10-14 17:41:33.689201,762.03,Shipped,Credit Card,1682
439,7646,1208,2024-06-08 17:41:33.729481,1622.08,Pending,Credit Card,2769,4075,2024-06-17 17:41:33.706684,1326.37,Shipped,Credit Card,4930
440,7669,512,2024-11-13 17:41:33.729619,1179.32,Pending,PayPal,8555,1126,2024-10-21 17:41:33.688087,146.3,Shipped,PayPal,3981
441,7682,2918,2024-08-12 17:41:33.729689,764.38,Pending,Bank Transfer,1533,4680,2025-01-14 17:41:33.710562,99.62,Shipped,PayPal,5662
442,7690,452,2024-04-10 17:41:33.729732,170.06,Pending,Credit Card,9462,2935,2024-10-13 17:41:33.699184,1382.11,Shipped,Credit Card,7218
443,7690,452,2024-04-10 17:41:33.729732,170.06,Pending,Credit Card,9462,8426,2024-09-19 17:41:33.734294,892.46,Shipped,PayPal,1538
444,7696,6575,2024-05-24 17:41:33.729780,337.87,Pending,PayPal,2694,1542,2024-10-02 17:41:33.690583,1351.49,Shipped,Bank Transfer,5254
445,7700,1013,2024-11-27 17:41:33.729801,1709.56,Pending,Credit Card,2089,1992,2024-12-01 17:41:33.693312,1915.94,Shipped,Credit Card,4481
446,7701,5414,2024-06-03 17:41:33.729810,969.93,Pending,PayPal,2770,4633,2024-09-11 17:41:33.710243,945.41,Shipped,Credit Card,3402
447,7722,2952,2024-03-16 17:41:33.729936,1527.65,Pending,PayPal,8636,3782,2024-11-26 17:41:33.704816,1930.53,Shipped,Bank Transfer,9801
448,7733,8368,2024-12-12 17:41:33.729996,195.42,Pending,Bank Transfer,3959,8794,2024-11-09 17:41:33.736741,93.45,Shipped,Credit Card,7724
449,7814,8515,2024-04-19 17:41:33.730492,1993.45,Pending,PayPal,9563,7732,2025-01-06 17:41:33.729990,130.76,Shipped,PayPal,4051
450,7827,3125,2025-02-04 17:41:33.730567,1567.76,Pending,Bank Transfer,7245,7773,2024-05-26 17:41:33.730228,1618.44,Shipped,Bank Transfer,1024
451,7838,5340,2024-06-08 17:41:33.730638,1062.9,Pending,PayPal,820,6026,2025-02-21 17:41:33.719302,444.91,Shipped,Credit Card,6978
452,7864,2700,2024-05-30 17:41:33.730795,655.84,Pending,Bank Transfer,9803,4241,2024-07-03 17:41:33.707763,1871.87,Shipped,PayPal,2207
453,7890,9788,2024-05-26 17:41:33.730970,424.67,Pending,PayPal,1254,637,2024-04-21 17:41:33.685072,517.99,Shipped,Credit Card,8894
454,7982,3374,2024-11-01 17:41:33.731585,781.79,Pending,Credit Card,2596,5480,2024-12-03 17:41:33.715794,1436.58,Shipped,Credit Card,2625
455,8004,6047,2025-02-09 17:41:33.731715,1564.93,Pending,Bank Transfer,9093,5610,2025-02-15 17:41:33.716573,1971.23,Shipped,PayPal,2775
456,8019,1480,2024-09-14 17:41:33.731814,935.09,Pending,Credit Card,1771,4757,2024-05-26 17:41:33.711052,940.19,Shipped,Bank Transfer,3691
457,8031,8750,2024-05-25 17:41:33.731879,415.5,Pending,Credit Card,7381,4617,2024-05-30 17:41:33.710141,1648.32,Shipped,Bank Transfer,2768
458,8036,6459,2024-12-16 17:41:33.731921,1720.94,Pending,PayPal,9059,3320,2024-10-28 17:41:33.701780,406.93,Shipped,PayPal,4168
459,8111,2677,2025-02-10 17:41:33.732343,1963.22,Pending,Credit Card,9365,5717,2024-04-11 17:41:33.717259,455.92,Shipped,Credit Card,7154
460,8126,8504,2024-12-28 17:41:33.732454,305.91,Pending,PayPal,6636,5563,2024-03-26 17:41:33.716292,1842.1,Shipped,Bank Transfer,7363
461,8128,1521,2024-08-17 17:41:33.732465,637.73,Pending,Bank Transfer,6320,5959,2024-11-18 17:41:33.718814,225.85,Shipped,Bank Transfer,8293
462,8134,8324,2025-01-20 17:41:33.732498,562.93,Pending,Bank Transfer,3047,569,2024-05-08 17:41:33.684661,1841.83,Shipped,Bank Transfer,8913
463,8134,8324,2025-01-20 17:41:33.732498,562.93,Pending,Bank Transfer,3047,1822,2024-06-25 17:41:33.692288,1630.14,Shipped,PayPal,7026
464,8149,7511,2024-07-06 17:41:33.732594,41.32,Pending,Bank Transfer,3609,1235,2024-10-19 17:41:33.688756,746.73,Shipped,Credit Card,4265
465,8151,1430,2024-12-16 17:41:33.732605,1125.73,Pending,PayPal,2746,3620,2024-10-12 17:41:33.703727,1494.65,Shipped,Credit Card,6154
466,8179,3960,2024-06-25 17:41:33.732758,975.37,Pending,PayPal,4428,1088,2024-04-12 17:41:33.687838,976.29,Shipped,PayPal,8043
467,8197,2988,2024-04-29 17:41:33.732881,1785.13,Pending,Bank Transfer,6381,1665,2024-12-29 17:41:33.691353,372.78,Shipped,Credit Card,2104
468,8200,2681,2024-11-27 17:41:33.732898,330.58,Pending,Bank Transfer,1505,3752,2024-11-18 17:41:33.704620,176.57,Shipped,PayPal,1668
469,8232,8075,2024-04-27 17:41:33.733102,1595.14,Pending,Credit Card,5816,4042,2024-06-25 17:41:33.706465,1703.95,Shipped,PayPal,6658
470,8235,2931,2025-01-21 17:41:33.733119,1812.44,Pending,PayPal,6949,4286,2024-09-02 17:41:33.708040,1700.1,Shipped,PayPal,3360
471,8235,2931,2025-01-21 17:41:33.733119,1812.44,Pending,PayPal,6949,4575,2024-05-18 17:41:33.709864,1743.62,Shipped,Credit Card,387
472,8260,5640,2024-03-24 17:41:33.733256,479.07,Pending,Bank Transfer,5050,6054,2024-06-26 17:41:33.719468,1269.21,Shipped,Bank Transfer,356
473,8290,2391,2024-08-21 17:41:33.733419,1577.49,Pending,Bank Transfer,5815,7948,2024-05-09 17:41:33.731383,533.0,Shipped,PayPal,7155
474,8301,3546,2024-11-23 17:41:33.733506,976.32,Pending,PayPal,5091,19,2024-08-23 17:41:33.681291,1526.58,Shipped,PayPal,6022
475,8336,7489,2024-08-10 17:41:33.733715,1753.75,Pending,PayPal,3122,131,2024-09-07 17:41:33.681969,768.61,Shipped,Credit Card,1029
476,8377,67,2024-10-10 17:41:33.733964,481.2,Pending,PayPal,8020,1273,2024-08-12 17:41:33.688998,473.43,Shipped,Bank Transfer,6828
477,8393,471,2024-08-16 17:41:33.734084,1219.01,Pending,PayPal,1633,7871,2024-04-15 17:41:33.730848,1324.11,Shipped,Bank Transfer,6114
478,8400,5851,2025-01-13 17:41:33.734145,184.89,Pending,Credit Card,7706,3994,2024-04-18 17:41:33.706159,695.41,Shipped,PayPal,4241
479,8404,9134,2024-09-13 17:41:33.734167,1595.96,Pending,Bank Transfer,8883,4039,2024-09-17 17:41:33.706449,284.41,Shipped,Credit Card,2312
480,8421,4164,2024-12-03 17:41:33.734267,1587.06,Pending,Bank Transfer,5264,4414,2024-06-26 17:41:33.708854,613.62,Shipped,PayPal,2820
481,8439,4722,2024-06-01 17:41:33.734379,1923.21,Pending,Bank Transfer,8878,2775,2024-05-04 17:41:33.698159,451.38,Shipped,PayPal,965
482,8448,3851,2025-01-14 17:41:33.734428,131.57,Pending,Bank Transfer,2558,7277,2024-04-11 17:41:33.727019,1197.48,Shipped,Bank Transfer,2691
483,8458,2809,2024-08-05 17:41:33.734494,751.09,Pending,Credit Card,6012,5572,2024-12-15 17:41:33.716344,1214.05,Shipped,Credit Card,5573
484,8471,9409,2025-01-03 17:41:33.734581,1453.65,Pending,PayPal,6930,9595,2024-09-08 17:41:33.741535,1790.27,Shipped,PayPal,5120
485,8499,7625,2024-12-06 17:41:33.734750,1150.28,Pending,Credit Card,935,737,2024-03-08 17:41:33.685669,430.53,Shipped,Bank Transfer,2499
486,8499,7625,2024-12-06 17:41:33.734750,1150.28,Pending,Credit Card,935,7282,2025-02-21 17:41:33.727051,1978.02,Shipped,Credit Card,8316
487,8508,7008,2024-12-05 17:41:33.734799,21.11,Pending,PayPal,6546,689,2024-08-08 17:41:33.685359,713.81,Shipped,Credit Card,3117
488,8508,7008,2024-12-05 17:41:33.734799,21.11,Pending,PayPal,6546,3819,2024-08-02 17:41:33.705055,134.27,Shipped,Credit Card,9208
489,8530,7993,2025-02-08 17:41:33.734921,1534.65,Pending,PayPal,353,5832,2024-09-26 17:41:33.718015,1630.94,Shipped,Bank Transfer,3492
490,8531,5333,2024-08-06 17:41:33.734926,387.91,Pending,PayPal,5953,2611,2024-11-30 17:41:33.697024,999.18,Shipped,Credit Card,3597
491,8608,9424,2024-10-29 17:41:33.735577,1513.88,Pending,Credit Card,5021,2025,2025-01-25 17:41:33.693513,916.25,Shipped,Credit Card,1462
492,8608,9424,2024-10-29 17:41:33.735577,1513.88,Pending,Credit Card,5021,4861,2024-08-30 17:41:33.711791,1709.27,Shipped,Credit Card,1798
493,8625,2879,2024-02-29 17:41:33.735684,1911.4,Pending,Credit Card,1801,1675,2024-07-15 17:41:33.691409,1285.38,Shipped,PayPal,8984
494,8625,2879,2024-02-29 17:41:33.735684,1911.4,Pending,Credit Card,1801,4955,2024-04-12 17:41:33.712390,594.58,Shipped,Bank Transfer,3001
495,8650,4430,2025-01-06 17:41:33.735879,791.39,Pending,Credit Card,5100,6178,2024-09-13 17:41:33.720217,855.24,Shipped,PayPal,1740
496,8651,5165,2024-10-12 17:41:33.735884,1865.6,Pending,Bank Transfer,7430,3856,2024-04-21 17:41:33.705287,1266.2,Shipped,Credit Card,4500
497,8653,9645,2024-10-03 17:41:33.735895,863.15,Pending,Bank Transfer,8872,1000,2024-07-31 17:41:33.687297,1369.84,Shipped,Credit Card,6563
498,8696,2038,2024-05-26 17:41:33.736151,390.86,Pending,Bank Transfer,3812,3631,2024-11-12 17:41:33.703799,1315.95,Shipped,Credit Card,378
499,8697,6459,2024-12-06 17:41:33.736156,253.78,Pending,Bank Transfer,7593,3320,2024-10-28 17:41:33.701780,406.93,Shipped,PayPal,4168
500,8708,3637,2024-12-15 17:41:33.736216,60.69,Pending,Credit Card,6503,6051,2024-03-17 17:41:33.719452,1623.3,Shipped,Bank Transfer,4367
501,8742,6757,2024-10-27 17:41:33.736438,767.58,Pending,Bank Transfer,2221,4116,2025-02-09 17:41:33.706931,1365.36,Shipped,Credit Card,6476
502,8742,6757,2024-10-27 17:41:33.736438,767.58,Pending,Bank Transfer,2221,9925,2025-01-27 17:41:33.743464,66.94,Shipped,Bank Transfer,2580
503,8791,5212,2024-05-23 17:41:33.736724,817.45,Pending,Credit Card,5929,5275,2024-08-17 17:41:33.714418,70.0,Shipped,Bank Transfer,5679
504,8828,8788,2024-04-24 17:41:33.736946,1974.31,Pending,Bank Transfer,4089,958,2025-01-21 17:41:33.687027,967.95,Shipped,PayPal,8510
505,8828,8788,2024-04-24 17:41:33.736946,1974.31,Pending,Bank Transfer,4089,3397,2024-03-26 17:41:33.702267,551.58,Shipped,Bank Transfer,4835
506,8844,7852,2024-11-14 17:41:33.737037,1216.39,Pending,PayPal,8223,5654,2024-05-26 17:41:33.716870,1005.97,Shipped,Bank Transfer,8926
507,8858,5629,2024-10-09 17:41:33.737122,1434.23,Pending,Credit Card,3012,5879,2024-05-02 17:41:33.718291,1779.36,Shipped,PayPal,3152
508,8896,1247,2024-09-11 17:41:33.737334,1768.31,Pending,Credit Card,5945,5585,2025-02-11 17:41:33.716439,609.29,Shipped,Credit Card,5033
509,8922,2408,2024-04-18 17:41:33.737494,1670.56,Pending,Bank Transfer,2314,9235,2024-05-30 17:41:33.739384,430.1,Shipped,PayPal,4105
510,8933,8389,2024-09-24 17:41:33.737555,1277.22,Pending,PayPal,6892,9466,2025-01-15 17:41:33.740754,1229.77,Shipped,Credit Card,9205
511,8948,7442,2024-03-16 17:41:33.737637,904.82,Pending,Bank Transfer,3957,5977,2024-05-19 17:41:33.718930,1168.26,Shipped,Bank Transfer,1622
512,8991,8870,2024-05-11 17:41:33.737913,781.04,Pending,Credit Card,7926,2987,2024-04-22 17:41:33.699548,1019.78,Shipped,PayPal,8897
513,9040,2785,2024-04-04 17:41:33.738202,288.28,Pending,PayPal,7761,4634,2024-10-30 17:41:33.710249,1897.61,Shipped,Bank Transfer,6642
514,9040,2785,2024-04-04 17:41:33.738202,288.28,Pending,PayPal,7761,9650,2024-12-19 17:41:33.741856,775.23,Shipped,PayPal,580
515,9041,921,2024-09-22 17:41:33.738209,624.86,Pending,Credit Card,1573,6847,2024-11-21 17:41:33.724325,346.61,Shipped,Credit Card,3285
516,9075,6862,2024-09-06 17:41:33.738408,1625.44,Pending,PayPal,7145,5376,2024-04-02 17:41:33.715059,1034.53,Shipped,PayPal,8462
517,9091,5700,2024-09-26 17:41:33.738511,1356.4,Pending,Bank Transfer,3779,2023,2024-10-06 17:41:33.693502,326.51,Shipped,PayPal,1428
518,9096,2596,2024-07-22 17:41:33.738538,1809.95,Pending,Bank Transfer,3215,227,2025-02-14 17:41:33.682574,120.1,Shipped,PayPal,2602
519,9115,8626,2024-10-18 17:41:33.738641,1965.91,Pending,Credit Card,9266,8976,2024-08-19 17:41:33.737807,354.24,Shipped,PayPal,9790
520,9124,2122,2024-04-07 17:41:33.738693,77.51,Pending,Bank Transfer,7274,6702,2024-12-30 17:41:33.723474,290.87,Shipped,PayPal,4467
521,9159,1923,2024-04-29 17:41:33.738894,625.7,Pending,Bank Transfer,7092,7260,2024-09-26 17:41:33.726907,618.52,Shipped,Bank Transfer,5156
522,9186,9982,2024-05-30 17:41:33.739056,591.76,Pending,PayPal,3610,962,2024-05-02 17:41:33.687049,518.75,Shipped,Credit Card,5851
523,9198,6481,2024-04-20 17:41:33.739138,784.01,Pending,Credit Card,4019,7161,2024-10-12 17:41:33.726299,845.39,Shipped,Credit Card,2320
524,9206,8718,2024-03-18 17:41:33.739209,900.07,Pending,Credit Card,7314,9200,2024-04-16 17:41:33.739159,223.55,Shipped,Credit Card,9717
525,9211,7421,2024-09-27 17:41:33.739237,800.53,Pending,Credit Card,6026,6535,2024-10-08 17:41:33.722374,1312.84,Shipped,PayPal,8172
526,9234,2062,2024-10-20 17:41:33.739379,275.63,Pending,Bank Transfer,6653,741,2024-10-22 17:41:33.685691,1535.29,Shipped,PayPal,509
527,9262,798,2024-04-18 17:41:33.739546,1923.7,Pending,Credit Card,2409,527,2025-02-26 17:41:33.684415,872.32,Shipped,PayPal,3944
528,9303,8742,2024-07-01 17:41:33.739772,1127.66,Pending,Bank Transfer,4680,5516,2025-01-19 17:41:33.716018,849.59,Shipped,PayPal,7234
529,9311,247,2024-03-24 17:41:33.739826,655.69,Pending,PayPal,5113,307,2025-01-14 17:41:33.683034,1729.2,Shipped,Bank Transfer,7340
530,9311,247,2024-03-24 17:41:33.739826,655.69,Pending,PayPal,5113,1110,2024-05-13 17:41:33.687999,899.67,Shipped,Bank Transfer,5778
531,9329,9601,2024-08-01 17:41:33.739929,1990.15,Pending,PayPal,2310,5337,2024-03-30 17:41:33.714812,120.85,Shipped,PayPal,8690
532,9335,8363,2024-07-26 17:41:33.739962,318.33,Pending,PayPal,8814,9510,2024-03-24 17:41:33.741006,729.51,Shipped,Bank Transfer,738
533,9357,7345,2024-08-02 17:41:33.740098,273.6,Pending,Credit Card,8787,7830,2024-07-09 17:41:33.730583,106.57,Shipped,PayPal,2362
534,9366,9204,2024-05-04 17:41:33.740147,1584.99,Pending,Bank Transfer,939,6080,2024-10-03 17:41:33.719621,1563.51,Shipped,PayPal,6292
535,9369,6866,2024-09-12 17:41:33.740163,932.16,Pending,PayPal,8762,8613,2024-09-15 17:41:33.735605,1232.2,Shipped,Credit Card,8922
536,9373,6247,2024-12-10 17:41:33.740185,1614.94,Pending,Bank Transfer,7068,9292,2024-04-14 17:41:33.739711,683.0,Shipped,Bank Transfer,6013
537,9380,8216,2024-12-30 17:41:33.740223,1141.34,Pending,Bank Transfer,5433,4550,2024-05-03 17:41:33.709701,1172.2,Shipped,Credit Card,5
538,9387,519,2024-10-17 17:41:33.740261,1451.49,Pending,Credit Card,668,4679,2024-11-22 17:41:33.710556,612.15,Shipped,PayPal,6895
539,9421,2016,2024-11-21 17:41:33.740465,653.92,Pending,Bank Transfer,7443,5202,2024-10-07 17:41:33.713967,167.44,Shipped,PayPal,6336
540,9455,2424,2024-03-12 17:41:33.740694,1805.87,Pending,Bank Transfer,3858,6852,2024-10-25 17:41:33.724355,336.13,Shipped,Bank Transfer,5116
541,9456,6324,2025-02-10 17:41:33.740699,1261.31,Pending,PayPal,7630,2057,2025-02-19 17:41:33.693705,1469.85,Shipped,PayPal,4507
542,9470,1842,2024-11-03 17:41:33.740776,1761.61,Pending,PayPal,6990,6893,2024-11-28 17:41:33.724608,814.86,Shipped,PayPal,8173
543,9487,9039,2024-11-29 17:41:33.740869,1159.41,Pending,PayPal,6241,4387,2024-05-02 17:41:33.708683,598.98,Shipped,PayPal,6796
544,9509,8720,2024-04-22 17:41:33.741000,1966.74,Pending,PayPal,4241,6031,2024-09-30 17:41:33.719331,1424.33,Shipped,PayPal,1564
545,9514,8936,2024-04-28 17:41:33.741028,708.82,Pending,Bank Transfer,3576,5405,2024-11-08 17:41:33.715309,388.06,Shipped,Credit Card,6111
546,9588,178,2024-12-31 17:41:33.741488,1421.64,Pending,Credit Card,31,991,2024-05-25 17:41:33.687246,1863.82,Shipped,Credit Card,9336
547,9588,178,2024-12-31 17:41:33.741488,1421.64,Pending,Credit Card,31,1624,2024-09-10 17:41:33.691067,628.68,Shipped,PayPal,7167
548,9596,8642,2024-08-14 17:41:33.741541,656.09,Pending,PayPal,3845,4296,2024-03-01 17:41:33.708096,628.3,Shipped,Credit Card,6159
549,9602,3639,2025-01-16 17:41:33.741574,1012.97,Pending,PayPal,6599,1409,2024-06-22 17:41:33.689778,1838.58,Shipped,Credit Card,7942
550,9646,7213,2024-09-02 17:41:33.741834,1395.87,Pending,PayPal,6050,9606,2024-05-26 17:41:33.741596,1670.16,Shipped,PayPal,9805
551,9646,7213,2024-09-02 17:41:33.741834,1395.87,Pending,PayPal,6050,9965,2024-07-14 17:41:33.743682,1137.14,Shipped,Bank Transfer,9975
552,9655,8233,2024-06-15 17:41:33.741883,1715.67,Pending,Bank Transfer,4882,4276,2025-01-19 17:41:33.707977,1471.06,Shipped,Credit Card,6029
553,9659,1565,2024-03-28 17:41:33.741906,1328.6,Pending,Bank Transfer,1799,7581,2024-10-27 17:41:33.729108,1489.91,Shipped,PayPal,1955
554,9664,2319,2024-04-01 17:41:33.741933,138.67,Pending,PayPal,1889,729,2024-06-30 17:41:33.685625,1952.54,Shipped,Bank Transfer,1409
555,9691,7878,2024-08-06 17:41:33.742091,1075.23,Pending,PayPal,2102,2830,2024-06-23 17:41:33.698470,1065.2,Shipped,PayPal,6839
556,9702,8709,2024-05-24 17:41:33.742162,1678.65,Pending,PayPal,7748,7706,2024-09-19 17:41:33.729849,1423.65,Shipped,Bank Transfer,9898
557,9769,2121,2024-12-10 17:41:33.742541,1126.59,Pending,Credit Card,7110,7583,2025-02-25 17:41:33.729123,1948.32,Shipped,Credit Card,2097
558,9772,8832,2024-04-08 17:41:33.742557,1680.27,Pending,Credit Card,1072,5618,2024-08-15 17:41:33.716641,144.09,Shipped,PayPal,8265
559,9793,3487,2024-09-14 17:41:33.742673,1879.36,Pending,Credit Card,1362,3196,2024-08-07 17:41:33.700923,497.33,Shipped,Bank Transfer,4661
560,9803,2396,2024-09-19 17:41:33.742728,915.15,Pending,Credit Card,5812,1437,2024-06-16 17:41:33.689964,628.2,Shipped,Credit Card,3056
561,9810,5373,2024-04-14 17:41:33.742781,1406.31,Pending,Credit Card,7317,534,2024-08-01 17:41:33.684453,1904.34,Shipped,PayPal,6084
562,9872,9415,2025-02-12 17:41:33.743148,1075.91,Pending,Bank Transfer,8653,2074,2024-03-19 17:41:33.693809,586.42,Shipped,Bank Transfer,8887
563,9894,8829,2024-05-29 17:41:33.743284,786.43,Pending,Bank Transfer,3423,9131,2024-09-23 17:41:33.738736,967.48,Shipped,PayPal,8108
564,9903,1291,2024-03-16 17:41:33.743334,1178.94,Pending,Bank Transfer,6048,8573,2024-10-07 17:41:33.735372,1096.62,Shipped,Bank Transfer,5951
565,9930,5747,2024-11-15 17:41:33.743492,1641.55,Pending,Bank Transfer,9500,9660,2024-05-13 17:41:33.741911,1991.51,Shipped,Bank Transfer,8875
566,9974,976,2024-11-05 17:41:33.743732,1350.54,Pending,PayPal,5944,1173,2024-09-22 17:41:33.688392,1763.15,Shipped,Bank Transfer,1140
